Timestamp,Power_Output(kW),Irradiance(W/m2),Temperature(C),Humidity(%),Dust_Level(%),Voltage(V),Current(A),Efficiency(%),Maintenance_Status,Maintenance_Description
2020-01-01 06:00:00,2.43,13.45,42.51,59.6,86.32,234.28,0.01,18.07,Required,Cooling system check
2020-01-01 09:00:00,113.79,670.84,36.88,65.73,94.74,203.89,0.56,16.96,Required,Clean panels
2020-01-01 12:00:00,470.24,2786.83,29.43,52.42,49.64,226.99,2.07,16.87,Not Required,Normal operation
2020-01-01 15:00:00,243.28,999.31,21.54,39.13,48.61,226.72,1.07,24.34,Not Required,Normal operation
2020-01-01 18:00:00,6.36,35.63,31.12,68.19,17.74,236.68,0.03,17.85,Not Required,Normal operation
2020-01-02 06:00:00,3.94,17.5,36.69,55.6,94.42,226.15,0.02,22.51,Required,Check wiring
2020-01-02 09:00:00,66.16,316.14,41.29,38.02,53.19,206.78,0.32,20.93,Warning,Inspect inverter
2020-01-02 12:00:00,390.86,2179.84,36.67,62.73,60.63,235.02,1.66,17.93,Warning,Check shading
2020-01-02 15:00:00,171.73,855.31,41.21,66.08,68.36,227.4,0.76,20.08,Warning,Minor cleaning suggested
2020-01-02 18:00:00,5.81,31.93,43.16,41.07,91.39,212.14,0.03,18.2,Required,Cooling system check
2020-01-03 06:00:00,7.32,31.48,41.18,28.58,10.55,228.24,0.03,23.25,Warning,Minor cleaning suggested
2020-01-03 09:00:00,133.73,682.11,22.18,40.06,83.79,204.82,0.65,19.61,Required,Check wiring
2020-01-03 12:00:00,210.4,1183.62,37.32,46.46,7.32,230.62,0.91,17.78,Not Required,Normal operation
2020-01-03 15:00:00,184.07,1014.13,26.56,20.97,25.21,248.19,0.74,18.15,Not Required,Normal operation
2020-01-03 18:00:00,0.0,0.0,36.22,66.12,87.4,213.8,0.0,0.0,Required,Check wiring
2020-01-04 06:00:00,0.0,0.0,42.76,41.06,96.5,210.17,0.0,0.0,Required,Clean panels
2020-01-04 09:00:00,124.64,606.1,39.78,25.26,34.21,219.15,0.57,20.56,Warning,Inspect inverter
2020-01-04 12:00:00,485.33,2752.66,33.18,28.86,68.54,246.49,1.97,17.63,Warning,Minor cleaning suggested
2020-01-04 15:00:00,207.15,931.14,43.73,55.79,46.68,234.83,0.88,22.25,Required,Clean panels
2020-01-04 18:00:00,7.78,41.43,36.37,53.87,42.0,235.72,0.03,18.78,Not Required,Normal operation
2020-01-05 06:00:00,1.71,8.58,37.75,45.56,50.88,209.32,0.01,19.93,Not Required,Normal operation
2020-01-05 09:00:00,73.7,422.8,41.33,54.01,19.41,210.7,0.35,17.43,Warning,Inspect inverter
2020-01-05 12:00:00,459.85,2104.38,27.59,20.55,52.04,243.72,1.89,21.85,Not Required,Normal operation
2020-01-05 15:00:00,170.97,974.59,23.14,69.2,27.01,210.1,0.81,17.54,Not Required,Normal operation
2020-01-05 18:00:00,0.0,0.0,39.12,44.77,54.59,230.47,0.0,0.0,Required,Clean panels
2020-01-06 06:00:00,0.0,0.0,23.28,55.33,94.8,214.82,0.0,0.0,Required,Clean panels
2020-01-06 09:00:00,115.52,619.59,23.76,44.03,59.52,239.4,0.48,18.64,Not Required,Normal operation
2020-01-06 12:00:00,485.21,2097.69,31.5,61.48,10.89,210.44,2.31,23.13,Not Required,Normal operation
2020-01-06 15:00:00,141.62,778.92,41.1,74.95,87.44,213.87,0.66,18.18,Required,Clean panels
2020-01-06 18:00:00,0.0,0.0,30.16,46.18,32.41,230.71,0.0,0.0,Required,Cooling system check
2020-01-07 06:00:00,0.0,0.0,25.65,45.28,40.51,239.75,0.0,0.0,Required,Cooling system check
2020-01-07 09:00:00,32.84,153.9,42.19,20.56,99.53,235.67,0.14,21.34,Required,Clean panels
2020-01-07 12:00:00,326.11,1530.46,26.88,32.76,49.08,239.51,1.36,21.31,Not Required,Normal operation
2020-01-07 15:00:00,114.73,686.24,23.43,20.87,37.81,221.93,0.52,16.72,Not Required,Normal operation
2020-01-07 18:00:00,0.26,1.19,30.03,21.58,57.42,234.77,0.0,21.85,Not Required,Normal operation
2020-01-08 06:00:00,0.33,1.49,40.64,65.44,84.64,227.16,0.0,22.15,Required,Check wiring
2020-01-08 09:00:00,49.64,289.67,24.05,68.86,24.82,221.08,0.22,17.14,Not Required,Normal operation
2020-01-08 12:00:00,435.27,2182.93,29.29,22.62,95.67,210.53,2.07,19.94,Required,Clean panels
2020-01-08 15:00:00,114.47,509.45,40.87,26.67,17.78,215.02,0.53,22.47,Warning,Check shading
2020-01-08 18:00:00,0.0,0.0,24.74,43.74,67.74,219.75,0.0,0.0,Required,Cooling system check
2020-01-09 06:00:00,0.0,0.0,31.38,62.97,52.02,221.79,0.0,0.0,Required,Check wiring
2020-01-09 09:00:00,146.71,873.98,30.93,54.53,92.1,231.56,0.63,16.79,Required,Cooling system check
2020-01-09 12:00:00,286.44,1309.61,37.19,75.44,84.52,227.01,1.26,21.87,Required,Clean panels
2020-01-09 15:00:00,193.73,875.72,28.97,29.32,17.75,225.89,0.86,22.12,Not Required,Normal operation
2020-01-09 18:00:00,7.91,45.07,21.87,78.2,62.16,237.52,0.03,17.55,Warning,Check shading
2020-01-10 06:00:00,6.54,38.02,38.26,67.72,35.5,216.47,0.03,17.2,Warning,Inspect inverter
2020-01-10 09:00:00,45.37,192.73,35.61,46.72,90.87,216.79,0.21,23.54,Required,Clean panels
2020-01-10 12:00:00,446.64,2161.26,38.91,79.12,60.06,242.27,1.84,20.67,Warning,Inspect inverter
2020-01-10 15:00:00,130.9,605.15,39.35,69.59,73.49,211.56,0.62,21.63,Warning,Minor cleaning suggested
2020-01-10 18:00:00,7.75,32.59,38.99,38.38,82.15,217.87,0.04,23.78,Required,Cooling system check
2020-01-11 06:00:00,8.89,49.11,43.72,53.97,4.19,237.89,0.04,18.1,Required,Cooling system check
2020-01-11 09:00:00,74.47,400.21,20.9,73.85,22.6,224.81,0.33,18.61,Not Required,Normal operation
2020-01-11 12:00:00,342.8,1525.77,22.96,60.42,78.37,203.45,1.68,22.47,Warning,Inspect inverter
2020-01-11 15:00:00,102.65,459.87,40.1,42.88,63.95,211.31,0.49,22.32,Warning,Minor cleaning suggested
2020-01-11 18:00:00,0.0,0.0,32.98,73.42,31.15,201.97,0.0,0.0,Required,Cooling system check
2020-01-12 06:00:00,9.32,37.43,42.01,51.89,70.93,231.95,0.04,24.9,Required,Clean panels
2020-01-12 09:00:00,47.06,221.84,32.71,25.12,48.42,220.7,0.21,21.21,Not Required,Normal operation
2020-01-12 12:00:00,397.31,2313.69,28.81,43.4,63.63,228.73,1.74,17.17,Warning,Inspect inverter
2020-01-12 15:00:00,162.11,886.22,26.01,68.15,93.92,218.6,0.74,18.29,Required,Clean panels
2020-01-12 18:00:00,8.72,50.94,33.09,43.95,77.39,224.09,0.04,17.12,Warning,Check shading
2020-01-13 06:00:00,0.0,0.0,36.62,21.51,57.3,209.35,0.0,0.0,Required,Clean panels
2020-01-13 09:00:00,147.77,746.08,38.03,61.66,55.17,202.64,0.73,19.81,Warning,Inspect inverter
2020-01-13 12:00:00,268.25,1115.63,20.82,39.2,38.14,234.26,1.15,24.04,Not Required,Normal operation
2020-01-13 15:00:00,177.47,1000.12,29.63,47.09,23.55,207.73,0.85,17.74,Not Required,Normal operation
2020-01-13 18:00:00,5.31,25.81,35.86,32.62,63.57,249.19,0.02,20.57,Warning,Check shading
2020-01-14 06:00:00,0.0,0.0,28.05,61.55,30.7,245.63,0.0,0.0,Required,Check wiring
2020-01-14 09:00:00,75.23,446.19,28.16,65.04,37.31,239.35,0.31,16.86,Not Required,Normal operation
2020-01-14 12:00:00,360.7,1744.7,31.86,55.15,86.09,212.27,1.7,20.67,Required,Clean panels
2020-01-14 15:00:00,205.45,1189.71,32.04,61.15,86.98,232.56,0.88,17.27,Required,Clean panels
2020-01-14 18:00:00,0.0,0.0,34.5,28.13,54.41,213.47,0.0,0.0,Required,Clean panels
2020-01-15 06:00:00,0.0,0.0,23.98,42.76,96.05,229.07,0.0,0.0,Required,Cooling system check
2020-01-15 09:00:00,53.84,220.33,22.12,51.45,40.35,218.98,0.25,24.44,Not Required,Normal operation
2020-01-15 12:00:00,234.03,1152.1,30.4,71.87,2.8,219.93,1.06,20.31,Not Required,Normal operation
2020-01-15 15:00:00,180.38,856.4,36.47,71.46,18.67,242.75,0.74,21.06,Not Required,Normal operation
2020-01-15 18:00:00,0.0,0.0,27.95,27.26,52.16,214.36,0.0,0.0,Required,Cooling system check
2020-01-16 06:00:00,3.84,17.38,30.56,40.5,56.71,245.7,0.02,22.09,Not Required,Normal operation
2020-01-16 09:00:00,143.61,621.85,39.14,77.22,49.22,243.61,0.59,23.09,Warning,Inspect inverter
2020-01-16 12:00:00,440.35,2146.94,35.95,48.05,99.86,214.37,2.05,20.51,Required,Clean panels
2020-01-16 15:00:00,148.97,892.64,37.3,66.84,59.91,211.79,0.7,16.69,Not Required,Normal operation
2020-01-16 18:00:00,2.62,13.34,41.11,74.0,38.61,236.52,0.01,19.64,Warning,Minor cleaning suggested
2020-01-17 06:00:00,3.51,19.71,35.89,23.5,92.1,224.77,0.02,17.81,Required,Clean panels
2020-01-17 09:00:00,94.22,398.77,30.7,70.48,59.5,226.62,0.42,23.63,Not Required,Normal operation
2020-01-17 12:00:00,441.53,2335.53,37.25,23.88,25.83,247.92,1.78,18.9,Not Required,Normal operation
2020-01-17 15:00:00,147.2,715.82,30.01,69.21,12.86,204.17,0.72,20.56,Not Required,Normal operation
2020-01-17 18:00:00,4.59,26.91,34.25,52.45,49.16,218.94,0.02,17.06,Not Required,Normal operation
2020-01-18 06:00:00,0.0,0.0,24.93,42.46,76.03,206.01,0.0,0.0,Required,Cooling system check
2020-01-18 09:00:00,126.51,595.84,39.98,37.79,53.28,219.53,0.58,21.23,Warning,Check shading
2020-01-18 12:00:00,271.76,1462.38,26.61,41.68,4.05,211.63,1.28,18.58,Not Required,Normal operation
2020-01-18 15:00:00,132.99,674.52,25.87,63.37,76.93,218.83,0.61,19.72,Warning,Minor cleaning suggested
2020-01-18 18:00:00,0.0,0.0,38.32,68.07,40.46,223.74,0.0,0.0,Required,Cooling system check
2020-01-19 06:00:00,9.85,51.55,36.09,46.27,65.41,209.63,0.05,19.11,Warning,Inspect inverter
2020-01-19 09:00:00,102.12,504.67,40.42,20.23,18.38,222.64,0.46,20.24,Warning,Inspect inverter
2020-01-19 12:00:00,468.01,2613.44,21.46,48.7,47.14,227.16,2.06,17.91,Not Required,Normal operation
2020-01-19 15:00:00,175.78,765.73,21.96,50.99,34.7,219.24,0.8,22.96,Not Required,Normal operation
2020-01-19 18:00:00,3.77,16.38,42.07,60.48,32.08,221.99,0.02,23.02,Required,Cooling system check
2020-01-20 06:00:00,3.77,17.25,34.15,35.67,59.85,244.92,0.02,21.86,Not Required,Normal operation
2020-01-20 09:00:00,140.79,721.2,25.3,77.85,43.76,239.35,0.59,19.52,Not Required,Normal operation
2020-01-20 12:00:00,367.47,1748.77,29.14,53.08,79.93,245.9,1.49,21.01,Warning,Inspect inverter
2020-01-20 15:00:00,229.63,1316.65,36.71,31.2,25.2,214.97,1.07,17.44,Not Required,Normal operation
2020-01-20 18:00:00,0.0,0.0,41.65,74.99,21.9,234.31,0.0,0.0,Required,Cooling system check
2020-01-21 06:00:00,8.5,38.19,21.01,75.84,0.3,206.01,0.04,22.26,Not Required,Normal operation
2020-01-21 09:00:00,123.85,511.1,27.62,28.26,95.96,204.51,0.61,24.23,Required,Check wiring
2020-01-21 12:00:00,412.75,2323.11,26.06,71.56,91.25,205.58,2.01,17.77,Required,Cooling system check
2020-01-21 15:00:00,189.6,884.65,22.39,75.0,88.64,232.81,0.81,21.43,Required,Clean panels
2020-01-21 18:00:00,5.95,26.52,24.83,65.44,85.31,208.63,0.03,22.44,Required,Check wiring
2020-01-22 06:00:00,0.0,0.0,26.65,63.58,97.98,216.3,0.0,0.0,Required,Check wiring
2020-01-22 09:00:00,68.7,403.24,42.42,76.96,9.19,208.11,0.33,17.04,Required,Clean panels
2020-01-22 12:00:00,284.34,1449.63,24.97,28.09,69.4,201.59,1.41,19.61,Warning,Minor cleaning suggested
2020-01-22 15:00:00,110.3,545.95,41.54,23.14,43.97,212.5,0.52,20.2,Warning,Minor cleaning suggested
2020-01-22 18:00:00,0.0,0.0,30.38,68.09,73.6,213.53,0.0,0.0,Required,Check wiring
2020-01-23 06:00:00,0.0,0.0,34.17,50.72,6.84,206.03,0.0,0.0,Required,Cooling system check
2020-01-23 09:00:00,109.19,595.59,23.4,73.04,57.05,219.59,0.5,18.33,Not Required,Normal operation
2020-01-23 12:00:00,342.34,1434.73,32.1,25.32,4.69,223.92,1.53,23.86,Not Required,Normal operation
2020-01-23 15:00:00,216.68,1175.55,36.22,58.69,62.93,225.09,0.96,18.43,Warning,Minor cleaning suggested
2020-01-23 18:00:00,0.0,0.0,33.31,63.89,5.02,221.99,0.0,0.0,Required,Check wiring
2020-01-24 06:00:00,4.88,23.86,44.37,37.82,58.72,216.64,0.02,20.45,Required,Cooling system check
2020-01-24 09:00:00,104.47,504.13,29.18,76.87,24.36,207.85,0.5,20.72,Not Required,Normal operation
2020-01-24 12:00:00,293.79,1424.3,33.45,57.8,30.11,249.67,1.18,20.63,Not Required,Normal operation
2020-01-24 15:00:00,218.59,1223.94,32.33,41.23,99.17,239.38,0.91,17.86,Required,Clean panels
2020-01-24 18:00:00,0.0,0.0,20.9,73.45,85.25,201.89,0.0,0.0,Required,Clean panels
2020-01-25 06:00:00,0.0,0.0,33.15,42.7,77.34,203.72,0.0,0.0,Required,Clean panels
2020-01-25 09:00:00,122.25,520.78,38.88,32.91,28.03,218.14,0.56,23.47,Warning,Check shading
2020-01-25 12:00:00,220.9,1061.85,43.75,36.53,61.55,238.89,0.92,20.8,Required,Clean panels
2020-01-25 15:00:00,111.0,584.35,23.76,45.36,88.0,209.32,0.53,19.0,Required,Cooling system check
2020-01-25 18:00:00,4.29,20.58,24.08,78.17,4.89,227.31,0.02,20.85,Not Required,Normal operation
2020-01-26 06:00:00,2.33,11.38,41.63,55.85,2.06,236.87,0.01,20.47,Warning,Inspect inverter
2020-01-26 09:00:00,110.78,663.35,30.58,63.91,24.24,221.87,0.5,16.7,Not Required,Normal operation
2020-01-26 12:00:00,463.92,2422.97,21.21,79.4,40.45,220.66,2.1,19.15,Not Required,Normal operation
2020-01-26 15:00:00,119.19,601.95,35.0,25.86,62.17,224.54,0.53,19.8,Warning,Minor cleaning suggested
2020-01-26 18:00:00,0.0,0.0,31.89,71.89,31.03,221.75,0.0,0.0,Required,Clean panels
2020-01-27 06:00:00,4.67,22.89,23.13,37.37,43.35,234.83,0.02,20.4,Not Required,Normal operation
2020-01-27 09:00:00,90.26,468.11,24.61,46.91,68.38,204.88,0.44,19.28,Warning,Inspect inverter
2020-01-27 12:00:00,236.55,1258.33,27.99,41.19,74.51,213.25,1.11,18.8,Warning,Check shading
2020-01-27 15:00:00,222.81,1219.41,38.59,54.35,73.96,225.84,0.99,18.27,Warning,Inspect inverter
2020-01-27 18:00:00,1.64,8.71,33.17,30.97,63.29,243.29,0.01,18.83,Warning,Inspect inverter
2020-01-28 06:00:00,0.0,0.0,44.45,30.38,55.59,216.24,0.0,0.0,Required,Cooling system check
2020-01-28 09:00:00,22.79,100.82,39.69,41.97,68.23,247.59,0.09,22.6,Warning,Minor cleaning suggested
2020-01-28 12:00:00,408.09,1658.34,36.31,49.57,20.99,220.9,1.85,24.61,Not Required,Normal operation
2020-01-28 15:00:00,148.54,708.94,26.68,74.55,38.75,203.87,0.73,20.95,Not Required,Normal operation
2020-01-28 18:00:00,0.0,0.0,29.16,68.14,63.18,202.16,0.0,0.0,Required,Check wiring
2020-01-29 06:00:00,0.0,0.0,31.82,62.56,3.57,230.14,0.0,0.0,Required,Check wiring
2020-01-29 09:00:00,45.51,206.72,40.42,61.48,74.96,225.24,0.2,22.02,Warning,Minor cleaning suggested
2020-01-29 12:00:00,373.95,1796.72,35.1,77.85,36.95,209.46,1.79,20.81,Not Required,Normal operation
2020-01-29 15:00:00,152.57,905.54,25.68,78.24,41.86,217.94,0.7,16.85,Not Required,Normal operation
2020-01-29 18:00:00,1.36,5.94,43.1,49.88,50.88,219.15,0.01,22.9,Required,Cooling system check
2020-01-30 06:00:00,0.0,0.0,37.86,45.53,11.14,208.15,0.0,0.0,Required,Check wiring
2020-01-30 09:00:00,74.17,335.14,31.52,67.53,3.85,207.47,0.36,22.13,Not Required,Normal operation
2020-01-30 12:00:00,457.37,2671.41,26.57,48.84,64.43,236.01,1.94,17.12,Warning,Inspect inverter
2020-01-30 15:00:00,185.69,1073.36,21.48,76.2,61.34,214.82,0.86,17.3,Warning,Check shading
2020-01-30 18:00:00,7.08,39.8,28.05,25.87,95.1,246.19,0.03,17.79,Required,Clean panels
2020-01-31 06:00:00,0.07,0.31,40.74,59.15,23.55,239.08,0.0,22.58,Warning,Minor cleaning suggested
2020-01-31 09:00:00,80.94,369.87,37.6,28.65,50.99,233.37,0.35,21.88,Not Required,Normal operation
2020-01-31 12:00:00,245.13,1131.83,35.07,20.81,6.36,232.37,1.05,21.66,Not Required,Normal operation
2020-01-31 15:00:00,127.54,669.36,36.11,53.25,46.24,203.08,0.63,19.05,Not Required,Normal operation
2020-01-31 18:00:00,4.58,19.23,29.33,38.92,37.05,232.35,0.02,23.82,Not Required,Normal operation
2020-02-01 06:00:00,8.28,49.11,33.53,23.99,92.33,200.67,0.04,16.86,Required,Clean panels
2020-02-01 09:00:00,151.56,725.7,35.14,61.53,84.04,215.6,0.7,20.88,Required,Clean panels
2020-02-01 12:00:00,353.71,1903.55,34.75,79.61,53.84,218.47,1.62,18.58,Not Required,Normal operation
2020-02-01 15:00:00,177.07,743.33,44.41,38.26,80.72,236.61,0.75,23.82,Required,Cooling system check
2020-02-01 18:00:00,0.06,0.26,29.55,46.92,33.29,245.87,0.0,23.08,Not Required,Normal operation
2020-02-02 06:00:00,2.89,14.91,24.31,41.25,75.75,242.21,0.01,19.38,Warning,Inspect inverter
2020-02-02 09:00:00,89.15,515.78,36.17,57.31,63.19,228.64,0.39,17.28,Warning,Inspect inverter
2020-02-02 12:00:00,408.97,2300.54,25.96,63.75,62.04,210.38,1.94,17.78,Warning,Minor cleaning suggested
2020-02-02 15:00:00,131.67,611.02,40.28,53.29,85.75,207.96,0.63,21.55,Required,Cooling system check
2020-02-02 18:00:00,1.98,10.81,31.08,49.01,94.36,226.89,0.01,18.32,Required,Clean panels
2020-02-03 06:00:00,0.0,0.0,26.67,60.3,62.18,224.49,0.0,0.0,Required,Check wiring
2020-02-03 09:00:00,21.88,98.46,31.76,27.67,72.57,230.56,0.09,22.22,Warning,Minor cleaning suggested
2020-02-03 12:00:00,436.94,2212.39,32.59,25.09,63.22,217.67,2.01,19.75,Warning,Check shading
2020-02-03 15:00:00,226.35,1243.15,34.95,58.23,72.01,201.29,1.12,18.21,Warning,Minor cleaning suggested
2020-02-03 18:00:00,0.0,0.0,40.76,65.73,26.82,228.31,0.0,0.0,Required,Check wiring
2020-02-04 06:00:00,8.05,37.81,40.79,75.93,19.04,240.94,0.03,21.29,Warning,Check shading
2020-02-04 09:00:00,108.1,587.75,44.69,20.7,90.99,211.94,0.51,18.39,Required,Check wiring
2020-02-04 12:00:00,278.53,1384.63,36.84,54.59,17.64,242.48,1.15,20.12,Not Required,Normal operation
2020-02-04 15:00:00,194.57,948.51,41.65,72.52,78.77,212.16,0.92,20.51,Warning,Inspect inverter
2020-02-04 18:00:00,4.76,20.06,20.69,47.89,61.08,243.21,0.02,23.73,Warning,Minor cleaning suggested
2020-02-05 06:00:00,0.0,0.0,35.26,42.21,28.54,216.55,0.0,0.0,Required,Cooling system check
2020-02-05 09:00:00,112.46,513.03,31.01,36.16,92.38,216.63,0.52,21.92,Required,Check wiring
2020-02-05 12:00:00,438.62,2267.07,40.69,41.62,7.74,208.68,2.1,19.35,Warning,Check shading
2020-02-05 15:00:00,138.25,814.34,24.25,21.43,85.76,218.94,0.63,16.98,Required,Clean panels
2020-02-05 18:00:00,1.79,8.49,28.62,68.44,80.57,221.29,0.01,21.08,Required,Check wiring
2020-02-06 06:00:00,0.0,0.0,41.63,74.9,96.46,207.29,0.0,0.0,Required,Check wiring
2020-02-06 09:00:00,127.56,744.94,27.76,61.53,14.6,228.93,0.56,17.12,Not Required,Normal operation
2020-02-06 12:00:00,354.4,1735.07,24.37,32.7,39.52,214.93,1.65,20.43,Not Required,Normal operation
2020-02-06 15:00:00,204.47,917.46,29.34,76.21,83.28,215.9,0.95,22.29,Required,Clean panels
2020-02-06 18:00:00,0.0,0.0,32.94,46.39,49.11,245.82,0.0,0.0,Required,Check wiring
2020-02-07 06:00:00,8.71,45.54,28.74,55.59,10.94,222.33,0.04,19.13,Not Required,Normal operation
2020-02-07 09:00:00,37.5,209.11,31.13,38.77,39.54,218.34,0.17,17.93,Not Required,Normal operation
2020-02-07 12:00:00,218.17,1141.13,24.94,61.08,83.13,210.65,1.04,19.12,Required,Clean panels
2020-02-07 15:00:00,110.69,602.0,39.56,29.29,57.07,237.8,0.47,18.39,Warning,Inspect inverter
2020-02-07 18:00:00,0.0,0.0,44.31,66.49,10.87,242.33,0.0,0.0,Required,Clean panels
2020-02-08 06:00:00,0.0,0.0,43.43,25.03,59.42,244.18,0.0,0.0,Required,Check wiring
2020-02-08 09:00:00,84.16,457.6,39.72,61.57,50.93,245.0,0.34,18.39,Warning,Inspect inverter
2020-02-08 12:00:00,256.58,1440.81,35.43,76.0,92.25,208.65,1.23,17.81,Required,Cooling system check
2020-02-08 15:00:00,159.93,644.81,34.15,63.21,2.28,237.21,0.67,24.8,Not Required,Normal operation
2020-02-08 18:00:00,0.0,0.0,35.05,65.31,21.96,238.99,0.0,0.0,Required,Clean panels
2020-02-09 06:00:00,0.0,0.0,26.04,75.91,82.4,239.81,0.0,0.0,Required,Clean panels
2020-02-09 09:00:00,78.71,445.98,33.36,59.76,70.18,238.34,0.33,17.65,Warning,Inspect inverter
2020-02-09 12:00:00,476.89,1928.88,38.92,29.06,82.37,217.28,2.19,24.72,Required,Cooling system check
2020-02-09 15:00:00,240.11,1074.15,29.47,67.88,87.12,227.92,1.05,22.35,Required,Check wiring
2020-02-09 18:00:00,0.0,0.0,38.53,74.44,3.74,248.27,0.0,0.0,Required,Clean panels
2020-02-10 06:00:00,0.0,0.0,23.38,67.65,34.87,245.52,0.0,0.0,Required,Check wiring
2020-02-10 09:00:00,136.25,710.66,33.86,61.63,19.67,228.24,0.6,19.17,Not Required,Normal operation
2020-02-10 12:00:00,293.57,1319.75,34.75,68.04,34.57,245.6,1.2,22.24,Not Required,Normal operation
2020-02-10 15:00:00,154.27,618.11,24.2,55.2,17.81,242.63,0.64,24.96,Not Required,Normal operation
2020-02-10 18:00:00,0.0,0.0,39.41,34.79,67.73,249.34,0.0,0.0,Required,Check wiring
2020-02-11 06:00:00,0.0,0.0,29.51,78.09,15.19,220.27,0.0,0.0,Required,Clean panels
2020-02-11 09:00:00,62.7,340.1,43.79,36.34,85.49,219.28,0.29,18.44,Required,Check wiring
2020-02-11 12:00:00,354.95,1690.55,30.26,32.44,92.89,235.39,1.51,21.0,Required,Cooling system check
2020-02-11 15:00:00,189.61,960.42,31.11,59.27,97.28,216.05,0.88,19.74,Required,Cooling system check
2020-02-11 18:00:00,0.27,1.12,35.65,24.83,82.59,210.86,0.0,24.11,Required,Cooling system check
2020-02-12 06:00:00,0.0,0.0,34.77,37.72,58.17,201.02,0.0,0.0,Required,Cooling system check
2020-02-12 09:00:00,70.75,403.64,40.51,29.52,29.29,220.79,0.32,17.53,Warning,Inspect inverter
2020-02-12 12:00:00,289.86,1592.67,24.37,60.62,69.61,215.59,1.34,18.2,Warning,Minor cleaning suggested
2020-02-12 15:00:00,181.09,967.98,34.77,72.85,71.46,241.8,0.75,18.71,Warning,Inspect inverter
2020-02-12 18:00:00,3.7,17.34,20.31,72.24,51.49,223.45,0.02,21.34,Not Required,Normal operation
2020-02-13 06:00:00,0.0,0.0,30.02,27.78,38.56,205.7,0.0,0.0,Required,Clean panels
2020-02-13 09:00:00,134.38,716.27,25.1,24.06,27.12,209.65,0.64,18.76,Not Required,Normal operation
2020-02-13 12:00:00,482.67,2158.17,36.4,68.89,62.21,249.31,1.94,22.36,Warning,Inspect inverter
2020-02-13 15:00:00,185.98,911.79,37.29,72.36,48.15,224.66,0.83,20.4,Not Required,Normal operation
2020-02-13 18:00:00,1.47,7.11,35.08,57.18,5.39,203.58,0.01,20.68,Not Required,Normal operation
2020-02-14 06:00:00,0.0,0.0,29.25,27.27,50.96,230.41,0.0,0.0,Required,Cooling system check
2020-02-14 09:00:00,119.39,611.93,20.83,63.92,76.35,205.83,0.58,19.51,Warning,Minor cleaning suggested
2020-02-14 12:00:00,293.34,1602.03,32.89,61.71,8.76,204.01,1.44,18.31,Not Required,Normal operation
2020-02-14 15:00:00,214.04,1232.67,22.89,52.28,57.43,231.81,0.92,17.36,Not Required,Normal operation
2020-02-14 18:00:00,4.99,26.24,30.55,65.63,38.62,212.74,0.02,19.02,Not Required,Normal operation
2020-02-15 06:00:00,0.0,0.0,25.15,78.76,63.82,225.26,0.0,0.0,Required,Clean panels
2020-02-15 09:00:00,25.25,112.97,25.21,78.92,35.52,216.27,0.12,22.35,Not Required,Normal operation
2020-02-15 12:00:00,345.87,1755.06,33.78,34.59,28.21,204.54,1.69,19.71,Not Required,Normal operation
2020-02-15 15:00:00,171.76,903.2,25.52,42.2,29.17,249.35,0.69,19.02,Not Required,Normal operation
2020-02-15 18:00:00,0.0,0.0,30.73,64.47,22.85,207.15,0.0,0.0,Required,Clean panels
2020-02-16 06:00:00,7.39,30.89,44.81,68.2,65.47,236.81,0.03,23.92,Required,Cooling system check
2020-02-16 09:00:00,60.86,258.47,29.22,52.43,11.74,234.85,0.26,23.55,Not Required,Normal operation
2020-02-16 12:00:00,481.82,2204.75,36.78,44.36,14.84,239.31,2.01,21.85,Not Required,Normal operation
2020-02-16 15:00:00,237.17,1107.98,42.47,41.02,23.51,212.52,1.12,21.41,Required,Check wiring
2020-02-16 18:00:00,0.0,0.0,26.02,64.26,72.85,223.76,0.0,0.0,Required,Cooling system check
2020-02-17 06:00:00,3.86,16.96,25.35,22.44,93.33,234.53,0.02,22.76,Required,Cooling system check
2020-02-17 09:00:00,137.92,783.3,32.71,26.47,9.74,217.47,0.63,17.61,Not Required,Normal operation
2020-02-17 12:00:00,284.71,1571.26,42.9,30.62,3.26,217.26,1.31,18.12,Required,Cooling system check
2020-02-17 15:00:00,136.07,725.67,31.1,53.04,4.98,239.74,0.57,18.75,Not Required,Normal operation
2020-02-17 18:00:00,0.0,0.0,26.92,33.61,19.14,215.36,0.0,0.0,Required,Clean panels
2020-02-18 06:00:00,4.72,21.14,32.24,26.37,96.67,227.38,0.02,22.33,Required,Clean panels
2020-02-18 09:00:00,122.75,723.84,43.87,61.85,70.77,245.09,0.5,16.96,Required,Check wiring
2020-02-18 12:00:00,334.47,1463.58,25.85,43.61,18.12,239.67,1.4,22.85,Not Required,Normal operation
2020-02-18 15:00:00,208.6,1038.42,42.95,33.15,29.41,231.26,0.9,20.09,Required,Cooling system check
2020-02-18 18:00:00,4.63,20.85,27.37,75.57,89.81,246.8,0.02,22.21,Required,Check wiring
2020-02-19 06:00:00,0.0,0.0,23.22,30.5,84.3,207.06,0.0,0.0,Required,Cooling system check
2020-02-19 09:00:00,46.23,220.44,29.2,55.2,3.87,206.8,0.22,20.97,Not Required,Normal operation
2020-02-19 12:00:00,311.84,1560.57,22.84,57.21,68.37,200.38,1.56,19.98,Warning,Inspect inverter
2020-02-19 15:00:00,207.95,1176.18,29.22,27.67,71.35,234.07,0.89,17.68,Warning,Inspect inverter
2020-02-19 18:00:00,0.0,0.0,40.89,33.5,97.53,217.74,0.0,0.0,Required,Check wiring
2020-02-20 06:00:00,0.0,0.0,44.01,54.43,68.78,224.52,0.0,0.0,Required,Check wiring
2020-02-20 09:00:00,103.69,459.46,38.3,50.73,13.88,205.56,0.5,22.57,Warning,Minor cleaning suggested
2020-02-20 12:00:00,320.2,1591.11,29.53,31.96,59.21,232.42,1.38,20.12,Not Required,Normal operation
2020-02-20 15:00:00,190.48,1078.84,35.0,65.35,61.18,225.63,0.84,17.66,Warning,Inspect inverter
2020-02-20 18:00:00,0.0,0.0,26.23,78.52,57.38,221.74,0.0,0.0,Required,Check wiring
2020-02-21 06:00:00,0.0,0.0,28.52,75.28,21.7,211.56,0.0,0.0,Required,Cooling system check
2020-02-21 09:00:00,49.75,201.51,35.37,21.34,85.65,200.15,0.25,24.69,Required,Check wiring
2020-02-21 12:00:00,233.58,1107.82,32.42,43.0,31.77,204.2,1.14,21.08,Not Required,Normal operation
2020-02-21 15:00:00,98.38,544.59,32.41,41.33,72.42,219.58,0.45,18.06,Warning,Check shading
2020-02-21 18:00:00,9.64,48.52,44.21,58.85,8.73,249.68,0.04,19.87,Required,Clean panels
2020-02-22 06:00:00,0.0,0.0,25.72,61.22,96.61,232.1,0.0,0.0,Required,Check wiring
2020-02-22 09:00:00,115.36,567.24,40.22,41.54,0.17,235.57,0.49,20.34,Warning,Minor cleaning suggested
2020-02-22 12:00:00,370.08,1966.61,36.14,20.88,18.57,242.47,1.53,18.82,Not Required,Normal operation
2020-02-22 15:00:00,188.57,801.96,23.98,57.27,16.14,225.22,0.84,23.51,Not Required,Normal operation
2020-02-22 18:00:00,0.0,0.0,25.41,72.22,58.05,202.14,0.0,0.0,Required,Cooling system check
2020-02-23 06:00:00,0.0,0.0,33.11,78.72,12.78,231.49,0.0,0.0,Required,Cooling system check
2020-02-23 09:00:00,132.12,609.08,39.63,38.77,98.95,200.16,0.66,21.69,Required,Check wiring
2020-02-23 12:00:00,225.41,1303.22,24.18,53.3,37.63,249.65,0.9,17.3,Not Required,Normal operation
2020-02-23 15:00:00,154.28,848.91,33.02,60.93,24.7,248.58,0.62,18.17,Not Required,Normal operation
2020-02-23 18:00:00,3.09,13.36,24.06,20.79,42.5,213.46,0.01,23.13,Not Required,Normal operation
2020-02-24 06:00:00,0.0,0.0,24.55,72.13,30.66,241.53,0.0,0.0,Required,Check wiring
2020-02-24 09:00:00,62.84,282.48,44.78,40.34,42.95,211.47,0.3,22.25,Required,Cooling system check
2020-02-24 12:00:00,264.16,1473.61,42.3,28.76,52.98,244.01,1.08,17.93,Required,Cooling system check
2020-02-24 15:00:00,149.6,798.96,28.17,27.0,78.14,229.47,0.65,18.72,Warning,Inspect inverter
2020-02-24 18:00:00,7.94,42.98,24.73,53.95,45.83,235.38,0.03,18.47,Not Required,Normal operation
2020-02-25 06:00:00,0.0,0.0,39.78,51.13,3.88,236.95,0.0,0.0,Required,Cooling system check
2020-02-25 09:00:00,92.01,515.32,22.62,59.37,40.52,239.21,0.38,17.85,Not Required,Normal operation
2020-02-25 12:00:00,240.25,1421.93,32.44,42.72,66.14,225.93,1.06,16.9,Warning,Minor cleaning suggested
2020-02-25 15:00:00,168.86,1012.34,30.54,26.28,86.05,200.31,0.84,16.68,Required,Check wiring
2020-02-25 18:00:00,0.0,0.0,25.25,59.09,32.44,205.24,0.0,0.0,Required,Check wiring
2020-02-26 06:00:00,0.0,0.0,36.1,42.97,37.24,249.52,0.0,0.0,Required,Cooling system check
2020-02-26 09:00:00,102.45,439.97,31.5,71.35,69.05,201.76,0.51,23.29,Warning,Inspect inverter
2020-02-26 12:00:00,413.06,2370.51,23.83,79.6,48.14,226.82,1.82,17.42,Not Required,Normal operation
2020-02-26 15:00:00,189.71,1026.07,42.04,31.89,74.1,235.68,0.8,18.49,Required,Cooling system check
2020-02-26 18:00:00,4.23,23.53,20.13,77.19,49.16,247.79,0.02,17.98,Not Required,Normal operation
2020-02-27 06:00:00,0.0,0.0,43.39,36.36,67.15,227.19,0.0,0.0,Required,Cooling system check
2020-02-27 09:00:00,91.68,527.92,21.42,71.47,84.52,242.63,0.38,17.37,Required,Check wiring
2020-02-27 12:00:00,292.29,1747.35,27.47,42.86,61.35,210.26,1.39,16.73,Warning,Inspect inverter
2020-02-27 15:00:00,169.66,969.49,38.27,58.18,95.09,228.45,0.74,17.5,Required,Cooling system check
2020-02-27 18:00:00,8.93,48.77,30.76,48.08,3.65,213.38,0.04,18.31,Not Required,Normal operation
2020-02-28 06:00:00,0.0,0.0,36.16,31.17,71.62,245.52,0.0,0.0,Required,Cooling system check
2020-02-28 09:00:00,115.13,599.53,27.51,34.27,35.38,246.71,0.47,19.2,Not Required,Normal operation
2020-02-28 12:00:00,394.24,2318.3,20.2,70.69,30.4,213.53,1.85,17.01,Not Required,Normal operation
2020-02-28 15:00:00,189.05,1004.92,32.32,79.47,96.9,215.02,0.88,18.81,Required,Clean panels
2020-02-28 18:00:00,4.15,22.53,25.66,63.08,98.76,235.97,0.02,18.42,Required,Check wiring
2020-02-29 06:00:00,5.23,28.37,41.37,35.4,78.96,218.98,0.02,18.43,Warning,Check shading
2020-02-29 09:00:00,146.38,675.58,42.42,52.1,73.86,244.94,0.6,21.67,Required,Clean panels
2020-02-29 12:00:00,350.03,1670.15,26.8,44.74,34.17,226.26,1.55,20.96,Not Required,Normal operation
2020-02-29 15:00:00,138.0,716.24,26.28,57.03,47.45,218.06,0.63,19.27,Not Required,Normal operation
2020-02-29 18:00:00,0.0,0.0,23.05,46.75,75.37,233.58,0.0,0.0,Required,Check wiring
2020-03-01 06:00:00,5.93,24.34,44.82,32.51,40.12,237.2,0.03,24.36,Required,Cooling system check
2020-03-01 09:00:00,135.6,642.28,41.65,26.51,3.87,226.25,0.6,21.11,Warning,Minor cleaning suggested
2020-03-01 12:00:00,389.85,2022.4,40.22,63.18,56.68,204.58,1.91,19.28,Warning,Check shading
2020-03-01 15:00:00,158.25,794.44,26.19,36.0,42.75,219.32,0.72,19.92,Not Required,Normal operation
2020-03-01 18:00:00,8.27,38.3,40.87,41.54,50.79,222.46,0.04,21.59,Warning,Minor cleaning suggested
2020-03-02 06:00:00,0.0,0.0,32.93,47.21,46.49,203.81,0.0,0.0,Required,Clean panels
2020-03-02 09:00:00,76.5,398.45,20.48,79.76,44.43,221.57,0.35,19.2,Not Required,Normal operation
2020-03-02 12:00:00,421.36,2398.52,23.5,40.63,67.08,228.52,1.84,17.57,Warning,Inspect inverter
2020-03-02 15:00:00,237.33,1081.3,41.58,48.39,99.9,238.22,1.0,21.95,Required,Cooling system check
2020-03-02 18:00:00,0.0,0.0,37.14,26.66,78.49,210.04,0.0,0.0,Required,Cooling system check
2020-03-03 06:00:00,4.43,20.25,40.05,74.73,14.25,235.0,0.02,21.88,Warning,Inspect inverter
2020-03-03 09:00:00,96.2,496.74,25.44,43.7,83.84,245.79,0.39,19.37,Required,Check wiring
2020-03-03 12:00:00,385.23,1780.81,20.23,74.78,26.75,212.34,1.81,21.63,Not Required,Normal operation
2020-03-03 15:00:00,253.25,1184.65,27.62,71.45,67.27,220.09,1.15,21.38,Warning,Minor cleaning suggested
2020-03-03 18:00:00,9.54,39.84,25.38,23.83,70.69,218.66,0.04,23.95,Warning,Inspect inverter
2020-03-04 06:00:00,0.0,0.0,35.91,78.84,18.88,242.57,0.0,0.0,Required,Clean panels
2020-03-04 09:00:00,86.27,422.86,31.07,59.84,70.09,236.63,0.36,20.4,Warning,Minor cleaning suggested
2020-03-04 12:00:00,486.24,2707.71,35.72,70.74,77.7,228.09,2.13,17.96,Warning,Inspect inverter
2020-03-04 15:00:00,105.34,451.97,35.81,24.45,88.22,211.7,0.5,23.31,Required,Check wiring
2020-03-04 18:00:00,7.81,43.71,22.74,40.28,97.89,239.01,0.03,17.87,Required,Check wiring
2020-03-05 06:00:00,6.76,32.5,23.64,28.46,11.61,235.9,0.03,20.8,Not Required,Normal operation
2020-03-05 09:00:00,150.89,622.1,35.82,41.87,41.01,206.3,0.73,24.25,Not Required,Normal operation
2020-03-05 12:00:00,280.64,1455.79,35.84,24.01,39.03,228.88,1.23,19.28,Not Required,Normal operation
2020-03-05 15:00:00,188.43,830.1,37.65,77.14,96.96,201.11,0.94,22.7,Required,Check wiring
2020-03-05 18:00:00,3.37,17.75,27.81,58.52,46.9,243.59,0.01,18.99,Not Required,Normal operation
2020-03-06 06:00:00,0.0,0.0,30.22,67.56,77.76,207.79,0.0,0.0,Required,Cooling system check
2020-03-06 09:00:00,112.39,637.81,41.35,29.28,86.26,223.6,0.5,17.62,Required,Cooling system check
2020-03-06 12:00:00,455.32,2154.58,22.84,24.08,6.15,205.47,2.22,21.13,Not Required,Normal operation
2020-03-06 15:00:00,230.39,1357.68,33.96,27.37,88.9,217.83,1.06,16.97,Required,Clean panels
2020-03-06 18:00:00,0.22,1.23,25.35,78.14,43.5,208.12,0.0,17.89,Not Required,Normal operation
2020-03-07 06:00:00,3.55,21.08,26.2,22.99,85.64,230.57,0.02,16.84,Required,Check wiring
2020-03-07 09:00:00,107.34,530.72,37.24,69.63,60.74,218.29,0.49,20.23,Warning,Minor cleaning suggested
2020-03-07 12:00:00,321.66,1794.12,42.56,26.68,2.19,202.64,1.59,17.93,Required,Cooling system check
2020-03-07 15:00:00,174.55,1045.29,21.53,30.35,56.93,221.95,0.79,16.7,Not Required,Normal operation
2020-03-07 18:00:00,0.0,0.0,41.09,66.79,6.8,229.69,0.0,0.0,Required,Check wiring
2020-03-08 06:00:00,1.18,5.21,36.66,72.58,80.25,231.69,0.01,22.65,Required,Cooling system check
2020-03-08 09:00:00,32.64,146.39,42.57,63.29,72.39,220.22,0.15,22.3,Required,Cooling system check
2020-03-08 12:00:00,486.22,2218.66,40.43,69.88,25.17,226.5,2.15,21.92,Warning,Minor cleaning suggested
2020-03-08 15:00:00,216.99,990.4,29.47,61.32,48.04,220.37,0.98,21.91,Not Required,Normal operation
2020-03-08 18:00:00,0.0,0.0,30.5,41.26,73.49,208.2,0.0,0.0,Required,Cooling system check
2020-03-09 06:00:00,2.6,15.44,33.6,76.8,65.47,228.07,0.01,16.84,Warning,Check shading
2020-03-09 09:00:00,34.26,189.92,40.38,41.37,14.15,213.97,0.16,18.04,Warning,Minor cleaning suggested
2020-03-09 12:00:00,275.63,1515.29,35.35,47.56,19.53,232.08,1.19,18.19,Not Required,Normal operation
2020-03-09 15:00:00,225.7,1144.63,40.0,37.16,60.53,208.93,1.08,19.72,Warning,Minor cleaning suggested
2020-03-09 18:00:00,3.04,16.41,28.49,43.49,0.89,203.73,0.01,18.53,Not Required,Normal operation
2020-03-10 06:00:00,0.08,0.39,21.4,44.63,46.59,215.73,0.0,20.51,Not Required,Normal operation
2020-03-10 09:00:00,37.37,168.16,20.92,29.84,35.02,202.59,0.18,22.22,Not Required,Normal operation
2020-03-10 12:00:00,246.42,1220.69,24.84,58.79,64.69,228.94,1.08,20.19,Warning,Inspect inverter
2020-03-10 15:00:00,240.83,1029.54,42.34,62.28,25.4,214.5,1.12,23.39,Required,Clean panels
2020-03-10 18:00:00,0.0,0.0,30.91,50.87,33.12,236.08,0.0,0.0,Required,Cooling system check
2020-03-11 06:00:00,0.53,2.56,33.94,44.27,90.84,232.99,0.0,20.7,Required,Clean panels
2020-03-11 09:00:00,125.96,635.85,28.0,43.04,59.47,209.23,0.6,19.81,Not Required,Normal operation
2020-03-11 12:00:00,254.84,1494.88,39.92,40.56,58.3,232.59,1.1,17.05,Warning,Inspect inverter
2020-03-11 15:00:00,162.38,971.92,36.26,73.13,7.37,219.17,0.74,16.71,Not Required,Normal operation
2020-03-11 18:00:00,5.9,30.04,42.85,76.02,16.57,230.95,0.03,19.64,Required,Cooling system check
2020-03-12 06:00:00,9.94,50.68,25.77,58.84,13.73,237.74,0.04,19.61,Not Required,Normal operation
2020-03-12 09:00:00,77.39,363.49,29.98,29.26,72.24,218.6,0.35,21.29,Warning,Check shading
2020-03-12 12:00:00,197.67,1103.9,36.87,67.95,52.71,231.48,0.85,17.91,Not Required,Normal operation
2020-03-12 15:00:00,93.52,485.74,44.33,29.35,25.84,233.02,0.4,19.25,Required,Clean panels
2020-03-12 18:00:00,2.89,12.22,39.79,25.63,8.3,228.32,0.01,23.65,Warning,Check shading
2020-03-13 06:00:00,8.95,46.09,30.27,27.32,86.25,215.4,0.04,19.42,Required,Clean panels
2020-03-13 09:00:00,27.01,151.2,29.08,52.55,13.01,229.86,0.12,17.86,Not Required,Normal operation
2020-03-13 12:00:00,394.46,2217.21,40.02,54.81,14.82,240.08,1.64,17.79,Warning,Minor cleaning suggested
2020-03-13 15:00:00,221.3,1239.54,34.19,78.53,82.83,237.38,0.93,17.85,Required,Cooling system check
2020-03-13 18:00:00,0.0,0.0,35.93,55.43,37.11,213.09,0.0,0.0,Required,Cooling system check
2020-03-14 06:00:00,0.0,0.0,30.71,49.39,80.59,239.34,0.0,0.0,Required,Cooling system check
2020-03-14 09:00:00,116.79,662.87,29.06,65.18,14.07,216.45,0.54,17.62,Not Required,Normal operation
2020-03-14 12:00:00,422.72,1829.38,27.63,52.61,86.3,239.92,1.76,23.11,Required,Cooling system check
2020-03-14 15:00:00,247.25,1404.38,31.06,63.47,96.74,248.42,1.0,17.61,Required,Clean panels
2020-03-14 18:00:00,4.73,24.61,38.95,53.56,66.77,229.72,0.02,19.22,Warning,Inspect inverter
2020-03-15 06:00:00,0.0,0.0,27.92,49.09,62.08,209.04,0.0,0.0,Required,Cooling system check
2020-03-15 09:00:00,53.88,323.14,33.4,38.89,29.52,228.89,0.24,16.67,Not Required,Normal operation
2020-03-15 12:00:00,471.42,2161.49,39.89,67.16,64.06,224.39,2.1,21.81,Warning,Check shading
2020-03-15 15:00:00,254.12,1287.98,42.75,51.21,98.27,203.38,1.25,19.73,Required,Clean panels
2020-03-15 18:00:00,0.0,0.0,34.45,29.32,10.1,203.79,0.0,0.0,Required,Clean panels
2020-03-16 06:00:00,0.0,0.0,39.12,54.2,26.57,249.05,0.0,0.0,Required,Clean panels
2020-03-16 09:00:00,125.3,520.24,43.28,38.75,86.44,225.39,0.56,24.09,Required,Cooling system check
2020-03-16 12:00:00,457.88,2634.31,44.72,65.19,35.94,204.95,2.23,17.38,Required,Check wiring
2020-03-16 15:00:00,165.87,804.7,27.85,21.43,70.81,242.42,0.68,20.61,Warning,Minor cleaning suggested
2020-03-16 18:00:00,0.0,0.0,44.07,36.85,78.0,236.84,0.0,0.0,Required,Clean panels
2020-03-17 06:00:00,0.0,0.0,28.37,32.15,19.61,223.41,0.0,0.0,Required,Cooling system check
2020-03-17 09:00:00,17.4,73.34,37.36,29.89,39.71,230.27,0.08,23.73,Not Required,Normal operation
2020-03-17 12:00:00,467.62,2388.08,20.44,65.44,50.4,238.09,1.96,19.58,Not Required,Normal operation
2020-03-17 15:00:00,156.73,698.69,36.92,65.61,69.64,228.03,0.69,22.43,Warning,Inspect inverter
2020-03-17 18:00:00,0.0,0.0,37.78,22.86,49.93,231.25,0.0,0.0,Required,Cooling system check
2020-03-18 06:00:00,3.16,15.61,35.28,42.32,10.27,225.51,0.01,20.24,Not Required,Normal operation
2020-03-18 09:00:00,38.39,161.0,31.16,38.12,72.95,243.66,0.16,23.84,Warning,Inspect inverter
2020-03-18 12:00:00,414.53,1886.25,36.81,43.64,53.64,204.77,2.02,21.98,Not Required,Normal operation
2020-03-18 15:00:00,172.66,737.7,40.11,66.95,13.25,237.55,0.73,23.41,Warning,Inspect inverter
2020-03-18 18:00:00,0.0,0.0,37.18,58.97,57.38,212.07,0.0,0.0,Required,Clean panels
2020-03-19 06:00:00,0.0,0.0,39.09,41.59,1.02,247.5,0.0,0.0,Required,Check wiring
2020-03-19 09:00:00,126.13,736.26,24.05,42.24,66.51,213.02,0.59,17.13,Warning,Check shading
2020-03-19 12:00:00,262.81,1063.71,40.2,71.38,97.43,209.07,1.26,24.71,Required,Cooling system check
2020-03-19 15:00:00,237.58,1280.1,44.63,72.38,14.37,214.45,1.11,18.56,Required,Clean panels
2020-03-19 18:00:00,0.0,0.0,44.62,56.89,26.81,236.08,0.0,0.0,Required,Clean panels
2020-03-20 06:00:00,0.27,1.39,31.51,72.4,42.56,243.7,0.0,19.42,Not Required,Normal operation
2020-03-20 09:00:00,44.22,233.38,28.4,38.59,89.88,229.45,0.19,18.95,Required,Clean panels
2020-03-20 12:00:00,371.23,1956.65,42.1,45.39,85.43,204.39,1.82,18.97,Required,Cooling system check
2020-03-20 15:00:00,220.22,952.56,43.19,41.02,97.66,219.79,1.0,23.12,Required,Check wiring
2020-03-20 18:00:00,4.82,19.64,28.21,54.26,22.94,205.95,0.02,24.54,Not Required,Normal operation
2020-03-21 06:00:00,9.89,53.23,32.85,50.86,81.07,207.44,0.05,18.58,Required,Clean panels
2020-03-21 09:00:00,101.3,511.23,24.66,69.98,31.52,205.78,0.49,19.81,Not Required,Normal operation
2020-03-21 12:00:00,389.17,1807.52,23.86,73.87,9.19,213.7,1.82,21.53,Not Required,Normal operation
2020-03-21 15:00:00,218.61,1067.14,26.09,70.31,52.27,236.52,0.92,20.49,Not Required,Normal operation
2020-03-21 18:00:00,0.0,0.0,23.84,45.92,94.89,209.29,0.0,0.0,Required,Check wiring
2020-03-22 06:00:00,3.69,16.5,24.3,62.62,72.97,233.04,0.02,22.36,Warning,Minor cleaning suggested
2020-03-22 09:00:00,48.52,271.49,42.63,70.12,7.18,236.15,0.21,17.87,Required,Cooling system check
2020-03-22 12:00:00,288.52,1200.01,44.06,52.71,84.31,222.42,1.3,24.04,Required,Clean panels
2020-03-22 15:00:00,171.01,874.12,42.1,70.34,50.79,240.95,0.71,19.56,Required,Cooling system check
2020-03-22 18:00:00,0.0,0.0,38.45,55.91,0.04,226.99,0.0,0.0,Required,Check wiring
2020-03-23 06:00:00,1.24,6.86,28.82,69.71,30.58,228.27,0.01,18.08,Not Required,Normal operation
2020-03-23 09:00:00,90.5,364.49,32.01,26.57,16.75,244.73,0.37,24.83,Not Required,Normal operation
2020-03-23 12:00:00,344.92,1658.36,20.4,27.87,47.15,220.87,1.56,20.8,Not Required,Normal operation
2020-03-23 15:00:00,227.44,1031.93,35.44,21.16,13.55,232.63,0.98,22.04,Not Required,Normal operation
2020-03-23 18:00:00,0.0,0.0,40.9,39.9,67.65,233.87,0.0,0.0,Required,Clean panels
2020-03-24 06:00:00,4.17,21.17,39.22,37.91,52.31,241.8,0.02,19.7,Warning,Inspect inverter
2020-03-24 09:00:00,30.76,180.59,27.94,28.62,66.8,247.0,0.12,17.03,Warning,Check shading
2020-03-24 12:00:00,410.84,1716.11,24.08,48.44,12.07,234.47,1.75,23.94,Not Required,Normal operation
2020-03-24 15:00:00,169.75,965.06,32.62,42.37,2.82,236.06,0.72,17.59,Not Required,Normal operation
2020-03-24 18:00:00,6.64,38.72,31.51,75.9,37.31,217.15,0.03,17.15,Not Required,Normal operation
2020-03-25 06:00:00,0.0,0.0,38.21,30.95,53.9,226.27,0.0,0.0,Required,Clean panels
2020-03-25 09:00:00,108.2,484.3,28.55,69.7,12.91,222.88,0.49,22.34,Not Required,Normal operation
2020-03-25 12:00:00,291.93,1200.08,27.36,40.93,56.99,235.12,1.24,24.33,Not Required,Normal operation
2020-03-25 15:00:00,113.88,641.11,37.17,76.75,55.26,212.42,0.54,17.76,Not Required,Normal operation
2020-03-25 18:00:00,0.0,0.0,26.84,35.26,28.71,220.48,0.0,0.0,Required,Check wiring
2020-03-26 06:00:00,0.33,1.4,23.32,28.12,30.92,245.54,0.0,23.57,Not Required,Normal operation
2020-03-26 09:00:00,110.3,527.92,43.5,42.79,63.03,226.09,0.49,20.89,Required,Cooling system check
2020-03-26 12:00:00,340.33,1754.66,33.56,42.01,13.41,207.16,1.64,19.4,Not Required,Normal operation
2020-03-26 15:00:00,162.72,736.01,32.73,70.67,5.66,237.06,0.69,22.11,Not Required,Normal operation
2020-03-26 18:00:00,0.0,0.0,26.95,41.94,22.93,209.52,0.0,0.0,Required,Check wiring
2020-03-27 06:00:00,0.0,0.0,29.72,43.28,51.33,219.26,0.0,0.0,Required,Check wiring
2020-03-27 09:00:00,130.94,623.46,27.02,22.81,95.44,244.87,0.53,21.0,Required,Check wiring
2020-03-27 12:00:00,338.24,1595.43,34.62,75.97,60.93,236.03,1.43,21.2,Warning,Minor cleaning suggested
2020-03-27 15:00:00,236.08,1405.22,42.49,78.17,12.54,238.47,0.99,16.8,Required,Clean panels
2020-03-27 18:00:00,0.0,0.0,36.84,47.83,49.59,205.41,0.0,0.0,Required,Check wiring
2020-03-28 06:00:00,0.0,0.0,35.1,39.02,56.16,229.08,0.0,0.0,Required,Cooling system check
2020-03-28 09:00:00,33.61,171.59,43.22,55.59,44.21,203.93,0.16,19.59,Required,Clean panels
2020-03-28 12:00:00,221.56,991.89,21.86,23.14,97.22,242.37,0.91,22.34,Required,Cooling system check
2020-03-28 15:00:00,211.01,1262.38,40.53,79.55,36.58,222.01,0.95,16.72,Warning,Minor cleaning suggested
2020-03-28 18:00:00,2.21,12.07,31.8,47.47,93.96,232.41,0.01,18.31,Required,Cooling system check
2020-03-29 06:00:00,0.0,0.0,31.86,54.25,60.94,221.88,0.0,0.0,Required,Clean panels
2020-03-29 09:00:00,102.48,515.25,35.1,65.34,43.52,242.58,0.42,19.89,Not Required,Normal operation
2020-03-29 12:00:00,238.37,1238.56,40.57,31.82,84.93,244.42,0.98,19.25,Required,Clean panels
2020-03-29 15:00:00,202.92,1020.14,28.18,46.69,76.46,232.2,0.87,19.89,Warning,Minor cleaning suggested
2020-03-29 18:00:00,0.47,2.06,42.02,33.45,23.27,226.83,0.0,22.82,Required,Cooling system check
2020-03-30 06:00:00,0.0,0.0,22.08,47.38,15.61,231.88,0.0,0.0,Required,Clean panels
2020-03-30 09:00:00,46.42,201.73,29.22,77.11,79.73,201.49,0.23,23.01,Warning,Check shading
2020-03-30 12:00:00,477.96,2405.16,31.8,30.2,39.72,212.2,2.25,19.87,Not Required,Normal operation
2020-03-30 15:00:00,215.74,1023.02,30.24,52.54,39.67,246.07,0.88,21.09,Not Required,Normal operation
2020-03-30 18:00:00,0.0,0.0,44.9,72.68,50.41,206.45,0.0,0.0,Required,Clean panels
2020-03-31 06:00:00,0.0,0.0,26.46,47.02,25.26,214.83,0.0,0.0,Required,Check wiring
2020-03-31 09:00:00,108.51,592.07,40.57,58.63,68.32,247.94,0.44,18.33,Warning,Check shading
2020-03-31 12:00:00,322.05,1409.11,42.14,68.82,17.48,245.93,1.31,22.85,Required,Clean panels
2020-03-31 15:00:00,224.53,1215.15,31.53,51.89,25.58,236.77,0.95,18.48,Not Required,Normal operation
2020-03-31 18:00:00,7.65,38.62,43.81,25.47,73.04,245.17,0.03,19.81,Required,Cooling system check
2020-04-01 06:00:00,0.0,0.0,36.19,38.54,55.63,208.14,0.0,0.0,Required,Check wiring
2020-04-01 09:00:00,83.15,421.4,27.23,43.87,34.6,225.85,0.37,19.73,Not Required,Normal operation
2020-04-01 12:00:00,329.04,1774.94,38.51,61.05,84.73,203.88,1.61,18.54,Required,Check wiring
2020-04-01 15:00:00,179.67,967.84,31.48,54.59,63.63,222.17,0.81,18.56,Warning,Check shading
2020-04-01 18:00:00,1.54,7.85,33.18,41.35,74.59,244.8,0.01,19.62,Warning,Inspect inverter
2020-04-02 06:00:00,0.22,1.15,26.38,38.75,18.71,238.67,0.0,19.13,Not Required,Normal operation
2020-04-02 09:00:00,64.95,333.38,30.0,24.69,11.0,225.78,0.29,19.48,Not Required,Normal operation
2020-04-02 12:00:00,279.7,1389.17,23.11,21.6,8.72,213.32,1.31,20.13,Not Required,Normal operation
2020-04-02 15:00:00,200.79,900.23,40.97,43.74,97.31,236.83,0.85,22.3,Required,Check wiring
2020-04-02 18:00:00,0.0,0.0,44.89,21.97,25.67,215.1,0.0,0.0,Required,Check wiring
2020-04-03 06:00:00,0.0,0.0,23.12,50.45,58.92,244.89,0.0,0.0,Required,Clean panels
2020-04-03 09:00:00,23.22,114.54,22.15,71.4,45.54,202.73,0.11,20.27,Not Required,Normal operation
2020-04-03 12:00:00,267.14,1095.63,22.35,64.86,4.0,203.08,1.32,24.38,Not Required,Normal operation
2020-04-03 15:00:00,193.14,803.23,34.57,62.05,14.8,210.38,0.92,24.05,Not Required,Normal operation
2020-04-03 18:00:00,0.0,0.0,42.88,33.7,5.29,209.07,0.0,0.0,Required,Clean panels
2020-04-04 06:00:00,0.0,0.0,22.32,73.84,74.47,224.07,0.0,0.0,Required,Cooling system check
2020-04-04 09:00:00,116.65,573.83,27.03,79.06,58.35,240.38,0.49,20.33,Not Required,Normal operation
2020-04-04 12:00:00,210.44,856.7,42.99,67.11,13.35,221.49,0.95,24.56,Required,Clean panels
2020-04-04 15:00:00,125.35,567.78,20.26,51.17,37.77,246.11,0.51,22.08,Not Required,Normal operation
2020-04-04 18:00:00,8.26,46.29,22.34,22.82,44.39,207.61,0.04,17.84,Not Required,Normal operation
2020-04-05 06:00:00,5.13,28.1,23.48,50.41,90.22,212.08,0.02,18.26,Required,Clean panels
2020-04-05 09:00:00,136.59,683.57,32.27,59.57,18.85,228.03,0.6,19.98,Not Required,Normal operation
2020-04-05 12:00:00,406.61,2249.25,22.58,62.92,46.96,202.3,2.01,18.08,Not Required,Normal operation
2020-04-05 15:00:00,208.03,1170.32,26.57,25.06,33.39,234.73,0.89,17.78,Not Required,Normal operation
2020-04-05 18:00:00,9.73,46.28,44.0,41.67,62.64,226.38,0.04,21.02,Required,Cooling system check
2020-04-06 06:00:00,0.0,0.0,38.19,47.35,78.09,212.65,0.0,0.0,Required,Check wiring
2020-04-06 09:00:00,96.33,442.16,31.3,33.92,2.8,240.19,0.4,21.79,Not Required,Normal operation
2020-04-06 12:00:00,394.61,2119.46,29.3,68.29,12.66,203.75,1.94,18.62,Not Required,Normal operation
2020-04-06 15:00:00,144.64,838.06,23.97,50.73,96.83,221.86,0.65,17.26,Required,Check wiring
2020-04-06 18:00:00,4.38,24.0,24.72,44.83,1.05,231.96,0.02,18.25,Not Required,Normal operation
2020-04-07 06:00:00,0.0,0.0,42.32,52.33,13.1,204.37,0.0,0.0,Required,Check wiring
2020-04-07 09:00:00,120.07,643.01,23.24,67.9,30.57,243.08,0.49,18.67,Not Required,Normal operation
2020-04-07 12:00:00,402.84,1667.53,33.44,76.51,87.28,202.23,1.99,24.16,Required,Cooling system check
2020-04-07 15:00:00,129.93,618.14,24.7,35.17,25.75,225.74,0.58,21.02,Not Required,Normal operation
2020-04-07 18:00:00,9.29,53.54,21.26,34.31,62.9,229.8,0.04,17.35,Warning,Minor cleaning suggested
2020-04-08 06:00:00,5.78,25.02,31.78,21.03,22.07,242.82,0.02,23.1,Not Required,Normal operation
2020-04-08 09:00:00,115.15,660.27,42.98,55.93,61.76,219.74,0.52,17.44,Required,Check wiring
2020-04-08 12:00:00,460.47,2434.04,35.23,22.1,79.9,225.67,2.04,18.92,Warning,Inspect inverter
2020-04-08 15:00:00,118.75,624.93,44.19,73.95,61.44,232.29,0.51,19.0,Required,Check wiring
2020-04-08 18:00:00,0.0,0.0,29.45,66.07,46.6,239.18,0.0,0.0,Required,Cooling system check
2020-04-09 06:00:00,7.08,34.02,21.42,26.34,15.61,209.67,0.03,20.81,Not Required,Normal operation
2020-04-09 09:00:00,42.87,212.08,39.19,46.63,26.89,216.45,0.2,20.21,Warning,Check shading
2020-04-09 12:00:00,290.88,1190.0,29.25,24.27,68.04,222.08,1.31,24.44,Warning,Inspect inverter
2020-04-09 15:00:00,135.26,616.66,30.49,25.19,42.03,212.86,0.64,21.93,Not Required,Normal operation
2020-04-09 18:00:00,0.0,0.0,35.66,66.19,29.75,217.86,0.0,0.0,Required,Cooling system check
2020-04-10 06:00:00,5.63,27.03,27.87,72.35,59.34,243.78,0.02,20.83,Not Required,Normal operation
2020-04-10 09:00:00,73.16,328.67,43.8,32.21,8.66,218.72,0.33,22.26,Required,Check wiring
2020-04-10 12:00:00,455.98,2067.17,28.83,30.15,80.12,249.07,1.83,22.06,Required,Check wiring
2020-04-10 15:00:00,238.78,1324.26,29.59,36.86,19.21,233.2,1.02,18.03,Not Required,Normal operation
2020-04-10 18:00:00,3.15,16.29,44.94,73.89,8.74,224.88,0.01,19.34,Required,Clean panels
2020-04-11 06:00:00,7.64,36.32,33.48,66.27,6.63,215.9,0.04,21.04,Not Required,Normal operation
2020-04-11 09:00:00,47.96,240.83,22.3,49.8,37.61,244.05,0.2,19.91,Not Required,Normal operation
2020-04-11 12:00:00,325.12,1625.4,20.69,57.5,43.58,243.0,1.34,20.0,Not Required,Normal operation
2020-04-11 15:00:00,95.45,465.33,26.64,70.34,70.32,243.51,0.39,20.51,Warning,Check shading
2020-04-11 18:00:00,0.0,0.0,33.72,48.64,17.73,203.16,0.0,0.0,Required,Clean panels
2020-04-12 06:00:00,0.0,0.0,29.94,72.61,45.75,244.19,0.0,0.0,Required,Cooling system check
2020-04-12 09:00:00,100.64,563.47,31.91,57.1,16.89,224.34,0.45,17.86,Not Required,Normal operation
2020-04-12 12:00:00,413.81,1812.09,30.85,75.34,58.91,220.08,1.88,22.84,Not Required,Normal operation
2020-04-12 15:00:00,206.54,1126.29,42.4,22.22,6.58,237.76,0.87,18.34,Required,Clean panels
2020-04-12 18:00:00,0.0,0.0,35.68,27.92,37.48,206.43,0.0,0.0,Required,Cooling system check
2020-04-13 06:00:00,0.68,3.07,35.34,24.35,21.68,228.37,0.0,22.15,Not Required,Normal operation
2020-04-13 09:00:00,60.08,286.89,25.08,57.87,17.43,225.29,0.27,20.94,Not Required,Normal operation
2020-04-13 12:00:00,351.33,1550.58,42.7,79.67,75.82,247.23,1.42,22.66,Required,Check wiring
2020-04-13 15:00:00,144.5,794.06,34.18,41.53,66.12,206.47,0.7,18.2,Warning,Check shading
2020-04-13 18:00:00,0.68,2.93,27.03,51.82,89.05,203.31,0.0,23.21,Required,Check wiring
2020-04-14 06:00:00,6.29,31.28,41.11,66.22,30.6,218.2,0.03,20.11,Warning,Check shading
2020-04-14 09:00:00,134.43,672.66,21.16,61.56,82.5,238.01,0.56,19.98,Required,Clean panels
2020-04-14 12:00:00,458.81,2080.5,36.24,52.48,13.88,248.07,1.85,22.05,Not Required,Normal operation
2020-04-14 15:00:00,233.31,1110.23,31.65,71.3,50.86,210.65,1.11,21.01,Not Required,Normal operation
2020-04-14 18:00:00,5.03,20.59,28.75,50.41,99.4,239.28,0.02,24.43,Required,Clean panels
2020-04-15 06:00:00,0.0,0.0,25.44,61.13,83.87,220.84,0.0,0.0,Required,Check wiring
2020-04-15 09:00:00,132.56,595.29,43.46,44.03,58.3,218.46,0.61,22.27,Required,Clean panels
2020-04-15 12:00:00,275.63,1440.28,22.92,66.97,35.93,235.55,1.17,19.14,Not Required,Normal operation
2020-04-15 15:00:00,211.36,1263.53,40.3,78.68,91.62,218.49,0.97,16.73,Required,Check wiring
2020-04-15 18:00:00,0.0,0.0,20.49,69.23,22.59,226.46,0.0,0.0,Required,Cooling system check
2020-04-16 06:00:00,0.0,0.0,27.85,33.17,91.45,233.47,0.0,0.0,Required,Check wiring
2020-04-16 09:00:00,140.34,736.85,34.16,21.49,76.99,200.22,0.7,19.05,Warning,Inspect inverter
2020-04-16 12:00:00,308.82,1819.84,26.79,77.64,31.19,213.15,1.45,16.97,Not Required,Normal operation
2020-04-16 15:00:00,196.91,913.06,31.37,48.46,53.67,206.28,0.95,21.57,Not Required,Normal operation
2020-04-16 18:00:00,0.0,0.0,39.65,33.15,43.9,221.25,0.0,0.0,Required,Cooling system check
2020-04-17 06:00:00,6.09,26.36,25.77,65.63,13.17,222.76,0.03,23.1,Not Required,Normal operation
2020-04-17 09:00:00,35.59,161.45,32.85,72.98,90.37,219.67,0.16,22.04,Required,Cooling system check
2020-04-17 12:00:00,223.11,1022.58,28.59,45.65,65.63,234.79,0.95,21.82,Warning,Inspect inverter
2020-04-17 15:00:00,219.15,920.09,43.42,30.88,75.54,204.76,1.07,23.82,Required,Cooling system check
2020-04-17 18:00:00,2.05,10.64,31.97,68.55,73.32,245.75,0.01,19.27,Warning,Check shading
2020-04-18 06:00:00,0.0,0.0,33.93,77.53,40.94,233.7,0.0,0.0,Required,Clean panels
2020-04-18 09:00:00,68.19,340.68,21.65,75.84,57.26,229.43,0.3,20.02,Not Required,Normal operation
2020-04-18 12:00:00,272.55,1556.59,44.5,72.06,97.01,239.27,1.14,17.51,Required,Clean panels
2020-04-18 15:00:00,158.43,738.17,44.67,62.93,67.28,205.2,0.77,21.46,Required,Check wiring
2020-04-18 18:00:00,8.64,51.13,29.38,47.45,28.26,230.73,0.04,16.9,Not Required,Normal operation
2020-04-19 06:00:00,0.86,3.49,28.83,57.12,12.42,222.09,0.0,24.64,Not Required,Normal operation
2020-04-19 09:00:00,92.75,415.92,30.21,60.28,42.06,202.41,0.46,22.3,Not Required,Normal operation
2020-04-19 12:00:00,213.47,1213.16,31.18,69.76,98.43,201.62,1.06,17.6,Required,Check wiring
2020-04-19 15:00:00,155.71,654.49,41.72,79.45,36.75,241.98,0.64,23.79,Warning,Check shading
2020-04-19 18:00:00,0.0,0.0,23.01,58.36,37.46,201.29,0.0,0.0,Required,Check wiring
2020-04-20 06:00:00,5.08,29.75,40.14,49.8,0.63,244.48,0.02,17.08,Warning,Minor cleaning suggested
2020-04-20 09:00:00,110.23,583.47,29.88,79.53,59.4,200.22,0.55,18.89,Not Required,Normal operation
2020-04-20 12:00:00,331.67,1916.97,24.15,75.82,60.53,246.26,1.35,17.3,Warning,Inspect inverter
2020-04-20 15:00:00,253.48,1467.27,28.48,28.03,30.07,225.53,1.12,17.28,Not Required,Normal operation
2020-04-20 18:00:00,0.0,0.0,29.66,40.32,28.12,205.37,0.0,0.0,Required,Check wiring
2020-04-21 06:00:00,0.0,0.0,28.63,59.25,63.07,240.31,0.0,0.0,Required,Check wiring
2020-04-21 09:00:00,106.52,509.35,39.78,68.77,12.9,201.93,0.53,20.91,Warning,Check shading
2020-04-21 12:00:00,307.34,1599.79,33.79,76.08,7.38,226.02,1.36,19.21,Not Required,Normal operation
2020-04-21 15:00:00,145.71,603.08,30.0,74.19,50.94,211.28,0.69,24.16,Not Required,Normal operation
2020-04-21 18:00:00,0.0,0.0,44.78,31.66,65.36,233.0,0.0,0.0,Required,Clean panels
2020-04-22 06:00:00,5.75,25.92,31.26,56.87,43.08,215.49,0.03,22.18,Not Required,Normal operation
2020-04-22 09:00:00,113.74,602.93,26.02,57.34,24.89,205.39,0.55,18.86,Not Required,Normal operation
2020-04-22 12:00:00,382.24,2017.79,34.32,72.48,59.7,236.76,1.61,18.94,Not Required,Normal operation
2020-04-22 15:00:00,223.21,1004.66,43.31,41.68,31.04,248.65,0.9,22.22,Required,Clean panels
2020-04-22 18:00:00,0.0,0.0,31.24,38.99,91.5,220.3,0.0,0.0,Required,Cooling system check
2020-04-23 06:00:00,9.57,49.46,21.79,29.08,87.26,204.29,0.05,19.35,Required,Clean panels
2020-04-23 09:00:00,127.1,599.18,22.19,45.51,20.88,203.03,0.63,21.21,Not Required,Normal operation
2020-04-23 12:00:00,393.87,1808.26,33.75,25.02,22.05,206.62,1.91,21.78,Not Required,Normal operation
2020-04-23 15:00:00,139.82,560.6,39.11,32.72,7.05,215.54,0.65,24.94,Warning,Check shading
2020-04-23 18:00:00,0.0,0.0,44.92,32.85,55.12,219.19,0.0,0.0,Required,Cooling system check
2020-04-24 06:00:00,0.0,0.0,44.37,46.35,97.89,232.37,0.0,0.0,Required,Cooling system check
2020-04-24 09:00:00,78.79,468.26,23.61,43.65,58.21,247.5,0.32,16.83,Not Required,Normal operation
2020-04-24 12:00:00,291.36,1288.63,34.13,24.13,85.0,242.76,1.2,22.61,Required,Cooling system check
2020-04-24 15:00:00,157.59,822.62,25.62,59.94,2.16,212.96,0.74,19.16,Not Required,Normal operation
2020-04-24 18:00:00,0.0,0.0,25.04,63.33,88.9,206.72,0.0,0.0,Required,Cooling system check
2020-04-25 06:00:00,0.0,0.0,24.52,25.84,87.29,201.25,0.0,0.0,Required,Check wiring
2020-04-25 09:00:00,69.38,295.37,26.67,31.39,46.45,215.1,0.32,23.49,Not Required,Normal operation
2020-04-25 12:00:00,461.45,2699.43,25.53,55.35,90.96,241.47,1.91,17.09,Required,Cooling system check
2020-04-25 15:00:00,221.54,986.07,44.02,74.01,41.18,246.11,0.9,22.47,Required,Cooling system check
2020-04-25 18:00:00,0.0,0.0,43.63,74.8,36.93,239.41,0.0,0.0,Required,Clean panels
2020-04-26 06:00:00,0.0,0.0,22.88,79.35,50.88,220.41,0.0,0.0,Required,Clean panels
2020-04-26 09:00:00,53.79,220.83,26.02,34.44,14.5,225.83,0.24,24.36,Not Required,Normal operation
2020-04-26 12:00:00,331.0,1787.49,29.09,21.5,83.4,208.64,1.59,18.52,Required,Cooling system check
2020-04-26 15:00:00,158.05,670.62,35.83,48.37,11.0,234.33,0.67,23.57,Not Required,Normal operation
2020-04-26 18:00:00,0.0,0.0,25.63,51.54,46.91,242.55,0.0,0.0,Required,Clean panels
2020-04-27 06:00:00,8.37,35.65,44.66,37.6,73.46,229.46,0.04,23.48,Required,Check wiring
2020-04-27 09:00:00,58.35,288.84,42.89,58.25,62.82,238.13,0.25,20.2,Required,Cooling system check
2020-04-27 12:00:00,231.73,1128.14,38.48,59.95,11.39,249.65,0.93,20.54,Warning,Minor cleaning suggested
2020-04-27 15:00:00,239.58,1206.92,20.88,77.49,43.92,201.14,1.19,19.85,Not Required,Normal operation
2020-04-27 18:00:00,0.0,0.0,44.63,51.81,15.98,229.92,0.0,0.0,Required,Cooling system check
2020-04-28 06:00:00,9.2,51.19,29.53,30.16,31.98,200.05,0.05,17.97,Not Required,Normal operation
2020-04-28 09:00:00,129.22,620.19,36.02,52.2,68.38,241.11,0.54,20.84,Warning,Inspect inverter
2020-04-28 12:00:00,272.98,1629.05,25.05,55.87,40.35,236.17,1.16,16.76,Not Required,Normal operation
2020-04-28 15:00:00,108.36,531.23,32.01,55.28,73.36,249.69,0.43,20.4,Warning,Inspect inverter
2020-04-28 18:00:00,0.0,0.0,32.77,58.94,89.12,240.23,0.0,0.0,Required,Cooling system check
2020-04-29 06:00:00,0.0,0.0,26.0,72.53,57.95,223.49,0.0,0.0,Required,Check wiring
2020-04-29 09:00:00,116.51,628.36,22.94,57.84,71.72,239.62,0.49,18.54,Warning,Minor cleaning suggested
2020-04-29 12:00:00,482.95,2158.88,29.74,57.8,6.22,244.16,1.98,22.37,Not Required,Normal operation
2020-04-29 15:00:00,112.09,466.54,25.07,33.18,49.86,249.64,0.45,24.03,Not Required,Normal operation
2020-04-29 18:00:00,0.0,0.0,42.51,48.41,44.34,209.81,0.0,0.0,Required,Check wiring
2020-04-30 06:00:00,2.71,16.04,39.13,36.77,7.94,241.76,0.01,16.9,Warning,Inspect inverter
2020-04-30 09:00:00,118.38,593.73,32.78,68.07,67.97,245.64,0.48,19.94,Warning,Inspect inverter
2020-04-30 12:00:00,281.55,1132.72,34.63,36.12,27.22,228.93,1.23,24.86,Not Required,Normal operation
2020-04-30 15:00:00,121.25,718.05,40.76,67.71,69.8,218.54,0.55,16.89,Warning,Minor cleaning suggested
2020-04-30 18:00:00,0.0,0.0,38.09,72.89,85.95,208.47,0.0,0.0,Required,Cooling system check
2020-05-01 06:00:00,6.99,32.02,40.5,73.08,60.14,234.63,0.03,21.83,Warning,Minor cleaning suggested
2020-05-01 09:00:00,112.81,501.95,43.75,52.46,68.16,213.9,0.53,22.47,Required,Check wiring
2020-05-01 12:00:00,315.94,1408.1,41.46,41.88,71.56,229.31,1.38,22.44,Warning,Check shading
2020-05-01 15:00:00,98.99,510.64,28.06,21.96,88.34,221.59,0.45,19.39,Required,Cooling system check
2020-05-01 18:00:00,0.0,0.0,22.26,27.42,93.22,231.65,0.0,0.0,Required,Check wiring
2020-05-02 06:00:00,0.0,0.0,32.64,46.91,64.87,236.27,0.0,0.0,Required,Check wiring
2020-05-02 09:00:00,29.51,156.14,21.08,50.71,75.05,232.91,0.13,18.9,Warning,Check shading
2020-05-02 12:00:00,376.18,1567.68,22.28,35.76,46.92,212.23,1.77,24.0,Not Required,Normal operation
2020-05-02 15:00:00,240.21,1380.46,28.14,46.65,84.35,246.02,0.98,17.4,Required,Clean panels
2020-05-02 18:00:00,0.0,0.0,28.94,52.44,5.03,233.88,0.0,0.0,Required,Check wiring
2020-05-03 06:00:00,2.19,9.07,23.05,35.25,13.15,249.88,0.01,24.15,Not Required,Normal operation
2020-05-03 09:00:00,103.31,443.68,32.53,54.85,70.38,203.62,0.51,23.28,Warning,Inspect inverter
2020-05-03 12:00:00,396.59,1925.99,40.82,69.43,13.31,213.56,1.86,20.59,Warning,Check shading
2020-05-03 15:00:00,228.56,985.26,27.82,30.96,70.64,232.66,0.98,23.2,Warning,Check shading
2020-05-03 18:00:00,7.03,31.89,41.26,62.81,54.23,248.59,0.03,22.04,Warning,Check shading
2020-05-04 06:00:00,9.8,57.5,37.56,52.57,77.27,215.86,0.05,17.04,Warning,Inspect inverter
2020-05-04 09:00:00,86.52,501.46,32.25,31.35,82.06,232.1,0.37,17.25,Required,Cooling system check
2020-05-04 12:00:00,408.87,2441.88,38.14,62.44,71.67,203.81,2.01,16.74,Warning,Check shading
2020-05-04 15:00:00,218.75,1025.92,23.86,68.78,29.46,217.13,1.01,21.32,Not Required,Normal operation
2020-05-04 18:00:00,0.17,0.84,36.23,66.34,89.73,239.12,0.0,20.24,Required,Cooling system check
2020-05-05 06:00:00,0.0,0.0,43.81,54.08,42.69,231.21,0.0,0.0,Required,Clean panels
2020-05-05 09:00:00,63.44,366.49,27.84,33.36,47.95,231.29,0.27,17.31,Not Required,Normal operation
2020-05-05 12:00:00,310.95,1302.95,24.97,30.52,8.01,246.29,1.26,23.87,Not Required,Normal operation
2020-05-05 15:00:00,194.4,779.98,40.36,75.7,45.68,225.18,0.86,24.92,Warning,Minor cleaning suggested
2020-05-05 18:00:00,0.0,0.0,29.33,60.25,48.33,220.3,0.0,0.0,Required,Cooling system check
2020-05-06 06:00:00,0.0,0.0,26.72,52.99,46.14,243.75,0.0,0.0,Required,Check wiring
2020-05-06 09:00:00,79.14,432.48,38.82,72.25,75.12,216.67,0.37,18.3,Warning,Check shading
2020-05-06 12:00:00,400.41,1976.9,22.08,22.46,50.91,234.97,1.7,20.25,Not Required,Normal operation
2020-05-06 15:00:00,232.08,1062.63,35.35,58.64,65.96,225.84,1.03,21.84,Warning,Minor cleaning suggested
2020-05-06 18:00:00,0.0,0.0,31.14,32.35,80.81,202.43,0.0,0.0,Required,Clean panels
2020-05-07 06:00:00,0.04,0.22,38.68,46.41,92.13,201.41,0.0,18.18,Required,Check wiring
2020-05-07 09:00:00,53.69,313.01,37.2,28.44,7.83,226.87,0.24,17.15,Not Required,Normal operation
2020-05-07 12:00:00,352.99,1582.77,24.49,20.59,71.61,243.22,1.45,22.3,Warning,Minor cleaning suggested
2020-05-07 15:00:00,199.86,813.13,28.15,57.39,8.93,234.0,0.85,24.58,Not Required,Normal operation
2020-05-07 18:00:00,0.0,0.0,41.71,51.59,58.5,226.06,0.0,0.0,Required,Cooling system check
2020-05-08 06:00:00,0.0,0.0,21.14,68.78,42.43,231.99,0.0,0.0,Required,Cooling system check
2020-05-08 09:00:00,149.01,887.76,22.04,20.98,66.59,248.98,0.6,16.78,Warning,Check shading
2020-05-08 12:00:00,350.0,1575.97,43.57,49.55,37.28,220.22,1.59,22.21,Required,Check wiring
2020-05-08 15:00:00,99.79,588.53,23.76,25.08,77.32,238.69,0.42,16.96,Warning,Inspect inverter
2020-05-08 18:00:00,7.41,39.31,35.77,71.61,58.23,236.91,0.03,18.85,Not Required,Normal operation
2020-05-09 06:00:00,0.0,0.0,41.9,75.3,30.75,217.54,0.0,0.0,Required,Cooling system check
2020-05-09 09:00:00,115.75,485.49,31.16,40.83,47.41,218.79,0.53,23.84,Not Required,Normal operation
2020-05-09 12:00:00,386.94,2124.59,34.49,51.11,71.62,227.67,1.7,18.21,Warning,Minor cleaning suggested
2020-05-09 15:00:00,131.56,701.32,42.61,24.95,11.01,226.52,0.58,18.76,Required,Clean panels
2020-05-09 18:00:00,2.27,13.4,23.79,25.69,82.87,208.43,0.01,16.94,Required,Check wiring
2020-05-10 06:00:00,2.5,14.46,39.86,32.61,53.95,240.57,0.01,17.29,Warning,Minor cleaning suggested
2020-05-10 09:00:00,47.57,239.16,42.38,32.19,34.54,208.1,0.23,19.89,Required,Clean panels
2020-05-10 12:00:00,307.98,1442.61,21.05,47.63,3.26,235.95,1.31,21.35,Not Required,Normal operation
2020-05-10 15:00:00,214.48,1177.74,42.52,77.65,15.45,212.81,1.01,18.21,Required,Clean panels
2020-05-10 18:00:00,5.14,26.9,42.65,34.63,78.58,229.79,0.02,19.11,Required,Clean panels
2020-05-11 06:00:00,0.0,0.0,34.64,67.65,49.28,213.3,0.0,0.0,Required,Clean panels
2020-05-11 09:00:00,128.53,746.34,25.64,27.07,19.97,234.66,0.55,17.22,Not Required,Normal operation
2020-05-11 12:00:00,406.08,2388.8,35.64,32.9,53.52,220.61,1.84,17.0,Not Required,Normal operation
2020-05-11 15:00:00,123.84,585.36,37.69,59.38,50.63,220.34,0.56,21.16,Not Required,Normal operation
2020-05-11 18:00:00,1.8,9.87,23.02,21.44,66.14,211.19,0.01,18.24,Warning,Check shading
2020-05-12 06:00:00,3.37,14.14,32.8,58.85,29.54,205.21,0.02,23.83,Not Required,Normal operation
2020-05-12 09:00:00,153.49,853.3,43.97,74.81,75.47,214.7,0.71,17.99,Required,Cooling system check
2020-05-12 12:00:00,363.07,1708.92,38.36,24.03,63.1,208.44,1.74,21.25,Warning,Inspect inverter
2020-05-12 15:00:00,114.64,604.2,37.66,43.7,17.78,208.44,0.55,18.97,Not Required,Normal operation
2020-05-12 18:00:00,0.0,0.0,21.73,32.67,98.16,249.06,0.0,0.0,Required,Cooling system check
2020-05-13 06:00:00,0.0,0.0,33.63,68.37,62.31,221.18,0.0,0.0,Required,Clean panels
2020-05-13 09:00:00,147.16,728.71,42.85,76.21,24.5,205.93,0.71,20.19,Required,Check wiring
2020-05-13 12:00:00,224.42,921.16,33.86,79.16,76.42,220.74,1.02,24.36,Warning,Inspect inverter
2020-05-13 15:00:00,251.0,1167.23,31.24,33.89,26.03,232.02,1.08,21.5,Not Required,Normal operation
2020-05-13 18:00:00,0.0,0.0,25.54,46.38,86.3,205.93,0.0,0.0,Required,Clean panels
2020-05-14 06:00:00,7.31,31.02,43.94,25.29,53.67,234.73,0.03,23.57,Required,Cooling system check
2020-05-14 09:00:00,39.03,179.89,22.24,38.89,4.44,223.16,0.17,21.7,Not Required,Normal operation
2020-05-14 12:00:00,240.15,1058.91,28.31,62.32,4.23,233.35,1.03,22.68,Not Required,Normal operation
2020-05-14 15:00:00,208.15,1138.56,22.83,68.77,91.31,218.97,0.95,18.28,Required,Cooling system check
2020-05-14 18:00:00,8.07,41.52,32.41,59.28,14.72,240.52,0.03,19.44,Not Required,Normal operation
2020-05-15 06:00:00,3.05,14.4,42.12,63.97,76.01,217.27,0.01,21.18,Required,Check wiring
2020-05-15 09:00:00,64.07,281.13,25.11,35.66,61.48,200.36,0.32,22.79,Warning,Check shading
2020-05-15 12:00:00,219.24,1283.47,20.15,51.83,84.23,232.09,0.94,17.08,Required,Cooling system check
2020-05-15 15:00:00,163.54,682.96,20.8,31.25,2.5,228.1,0.72,23.95,Not Required,Normal operation
2020-05-15 18:00:00,0.0,0.0,22.5,25.93,30.18,235.67,0.0,0.0,Required,Clean panels
2020-05-16 06:00:00,1.59,8.16,28.67,43.2,8.71,201.16,0.01,19.49,Not Required,Normal operation
2020-05-16 09:00:00,97.31,426.24,30.2,30.8,4.13,220.12,0.44,22.83,Not Required,Normal operation
2020-05-16 12:00:00,411.13,2198.59,21.39,67.27,42.44,239.38,1.72,18.7,Not Required,Normal operation
2020-05-16 15:00:00,231.02,1030.34,30.08,36.93,93.8,236.37,0.98,22.42,Required,Clean panels
2020-05-16 18:00:00,2.84,14.46,31.45,73.7,66.69,200.72,0.01,19.64,Warning,Check shading
2020-05-17 06:00:00,7.99,38.56,35.28,49.31,68.41,231.06,0.03,20.72,Warning,Check shading
2020-05-17 09:00:00,27.33,156.18,21.03,20.23,37.16,227.88,0.12,17.5,Not Required,Normal operation
2020-05-17 12:00:00,489.73,2024.16,34.18,65.47,48.25,201.12,2.44,24.19,Not Required,Normal operation
2020-05-17 15:00:00,230.54,1197.99,23.88,21.59,27.3,248.34,0.93,19.24,Not Required,Normal operation
2020-05-17 18:00:00,0.0,0.0,21.59,63.85,16.54,229.92,0.0,0.0,Required,Clean panels
2020-05-18 06:00:00,0.89,4.95,44.73,49.24,45.16,248.95,0.0,17.98,Required,Cooling system check
2020-05-18 09:00:00,125.85,528.15,35.81,65.8,13.58,202.47,0.62,23.83,Not Required,Normal operation
2020-05-18 12:00:00,222.26,1273.57,40.68,69.09,15.39,212.61,1.05,17.45,Warning,Minor cleaning suggested
2020-05-18 15:00:00,170.22,873.74,21.67,43.07,82.12,218.19,0.78,19.48,Required,Clean panels
2020-05-18 18:00:00,0.0,0.0,24.23,23.66,5.18,213.76,0.0,0.0,Required,Clean panels
2020-05-19 06:00:00,1.37,7.68,36.76,79.0,7.74,238.58,0.01,17.84,Not Required,Normal operation
2020-05-19 09:00:00,137.03,760.95,20.32,59.06,44.64,238.72,0.57,18.01,Not Required,Normal operation
2020-05-19 12:00:00,423.37,2425.92,36.95,74.89,61.33,214.82,1.97,17.45,Warning,Inspect inverter
2020-05-19 15:00:00,193.61,817.82,36.39,33.33,58.31,227.87,0.85,23.67,Not Required,Normal operation
2020-05-19 18:00:00,0.62,3.47,36.61,38.67,39.47,216.31,0.0,17.87,Not Required,Normal operation
2020-05-20 06:00:00,4.01,20.83,26.31,25.51,80.1,209.1,0.02,19.25,Required,Clean panels
2020-05-20 09:00:00,80.52,328.7,28.4,31.76,39.25,247.72,0.33,24.5,Not Required,Normal operation
2020-05-20 12:00:00,386.04,1831.85,24.94,42.3,72.73,229.09,1.69,21.07,Warning,Minor cleaning suggested
2020-05-20 15:00:00,233.04,1057.57,32.61,37.51,48.98,209.29,1.11,22.04,Not Required,Normal operation
2020-05-20 18:00:00,0.0,0.0,28.98,25.08,15.34,212.94,0.0,0.0,Required,Check wiring
2020-05-21 06:00:00,1.08,4.65,27.91,46.56,67.57,203.46,0.01,23.23,Warning,Check shading
2020-05-21 09:00:00,97.86,556.92,34.53,77.39,94.55,212.18,0.46,17.57,Required,Cooling system check
2020-05-21 12:00:00,229.25,1245.1,32.01,28.83,61.44,226.56,1.01,18.41,Warning,Minor cleaning suggested
2020-05-21 15:00:00,149.88,674.94,29.27,38.65,39.37,210.83,0.71,22.21,Not Required,Normal operation
2020-05-21 18:00:00,1.91,10.96,29.25,72.31,36.66,232.12,0.01,17.43,Not Required,Normal operation
2020-05-22 06:00:00,0.0,0.0,41.85,70.56,24.37,243.13,0.0,0.0,Required,Clean panels
2020-05-22 09:00:00,96.43,492.11,27.29,25.83,0.65,219.31,0.44,19.6,Not Required,Normal operation
2020-05-22 12:00:00,465.02,2753.57,30.75,45.87,6.9,238.38,1.95,16.89,Not Required,Normal operation
2020-05-22 15:00:00,125.63,542.14,40.33,68.85,82.25,240.88,0.52,23.17,Required,Clean panels
2020-05-22 18:00:00,3.07,12.64,22.36,29.15,60.81,233.55,0.01,24.29,Warning,Inspect inverter
2020-05-23 06:00:00,8.4,45.15,32.32,41.36,85.81,241.04,0.03,18.6,Required,Cooling system check
2020-05-23 09:00:00,75.62,330.5,24.52,61.31,85.56,221.58,0.34,22.88,Required,Check wiring
2020-05-23 12:00:00,494.42,2629.68,36.3,65.85,32.23,244.49,2.02,18.8,Not Required,Normal operation
2020-05-23 15:00:00,227.12,1197.53,24.73,37.66,89.49,204.16,1.11,18.97,Required,Cooling system check
2020-05-23 18:00:00,2.87,16.9,28.25,24.13,15.41,228.83,0.01,16.98,Not Required,Normal operation
2020-05-24 06:00:00,0.76,3.62,30.83,61.04,94.3,209.52,0.0,20.99,Required,Check wiring
2020-05-24 09:00:00,125.64,665.64,25.3,40.85,20.9,211.94,0.59,18.88,Not Required,Normal operation
2020-05-24 12:00:00,324.77,1837.14,20.2,73.41,41.71,219.99,1.48,17.68,Not Required,Normal operation
2020-05-24 15:00:00,164.79,769.35,30.5,37.43,71.79,235.41,0.7,21.42,Warning,Check shading
2020-05-24 18:00:00,0.0,0.0,25.01,63.56,87.77,234.87,0.0,0.0,Required,Cooling system check
2020-05-25 06:00:00,0.0,0.0,29.33,43.93,54.75,249.93,0.0,0.0,Required,Check wiring
2020-05-25 09:00:00,106.94,445.46,40.62,37.54,40.2,229.72,0.47,24.01,Warning,Inspect inverter
2020-05-25 12:00:00,247.49,996.54,27.57,44.07,19.95,204.28,1.21,24.83,Not Required,Normal operation
2020-05-25 15:00:00,226.77,1253.86,22.41,76.95,35.96,212.96,1.06,18.09,Not Required,Normal operation
2020-05-25 18:00:00,0.0,0.0,31.2,62.93,64.24,240.45,0.0,0.0,Required,Clean panels
2020-05-26 06:00:00,2.5,11.4,40.45,28.05,7.68,206.97,0.01,21.93,Warning,Minor cleaning suggested
2020-05-26 09:00:00,46.49,249.36,26.25,47.75,25.61,204.35,0.23,18.64,Not Required,Normal operation
2020-05-26 12:00:00,429.04,2203.35,29.03,60.04,69.6,229.33,1.87,19.47,Warning,Minor cleaning suggested
2020-05-26 15:00:00,139.0,803.46,36.12,69.22,59.46,239.18,0.58,17.3,Not Required,Normal operation
2020-05-26 18:00:00,0.0,0.0,23.23,73.32,84.68,228.97,0.0,0.0,Required,Cooling system check
2020-05-27 06:00:00,0.0,0.0,38.8,28.89,72.99,242.32,0.0,0.0,Required,Clean panels
2020-05-27 09:00:00,29.7,150.94,37.93,27.3,0.48,242.22,0.12,19.68,Not Required,Normal operation
2020-05-27 12:00:00,276.77,1495.9,40.83,26.32,68.74,228.08,1.21,18.5,Warning,Minor cleaning suggested
2020-05-27 15:00:00,123.41,520.62,23.43,67.82,12.74,201.69,0.61,23.7,Not Required,Normal operation
2020-05-27 18:00:00,0.0,0.0,24.37,33.53,66.43,226.85,0.0,0.0,Required,Clean panels
2020-05-28 06:00:00,0.0,0.0,32.24,74.19,65.14,248.5,0.0,0.0,Required,Cooling system check
2020-05-28 09:00:00,51.68,282.17,30.09,54.88,92.22,216.16,0.24,18.32,Required,Check wiring
2020-05-28 12:00:00,336.03,1592.78,28.63,23.94,13.86,241.33,1.39,21.1,Not Required,Normal operation
2020-05-28 15:00:00,251.29,1007.98,31.37,35.16,87.25,235.03,1.07,24.93,Required,Check wiring
2020-05-28 18:00:00,0.0,0.0,40.2,43.15,92.49,213.3,0.0,0.0,Required,Clean panels
2020-05-29 06:00:00,0.0,0.0,43.05,50.32,25.98,248.33,0.0,0.0,Required,Check wiring
2020-05-29 09:00:00,111.78,537.81,23.14,61.95,45.24,205.61,0.54,20.78,Not Required,Normal operation
2020-05-29 12:00:00,319.82,1626.0,29.84,51.86,44.66,210.13,1.52,19.67,Not Required,Normal operation
2020-05-29 15:00:00,152.54,915.24,43.52,28.65,47.69,224.57,0.68,16.67,Required,Clean panels
2020-05-29 18:00:00,0.0,0.0,23.5,70.74,16.81,237.86,0.0,0.0,Required,Cooling system check
2020-05-30 06:00:00,8.1,35.73,26.61,23.85,42.44,216.08,0.04,22.67,Not Required,Normal operation
2020-05-30 09:00:00,124.8,634.17,29.45,48.94,91.39,238.88,0.52,19.68,Required,Clean panels
2020-05-30 12:00:00,408.79,2335.07,37.04,24.94,23.99,206.11,1.98,17.51,Not Required,Normal operation
2020-05-30 15:00:00,123.84,588.23,40.3,26.35,20.68,216.98,0.57,21.05,Warning,Inspect inverter
2020-05-30 18:00:00,0.0,0.0,38.1,25.04,37.48,206.67,0.0,0.0,Required,Cooling system check
2020-05-31 06:00:00,0.0,0.0,30.64,20.36,26.25,238.03,0.0,0.0,Required,Check wiring
2020-05-31 09:00:00,19.5,115.76,28.23,60.36,53.52,234.77,0.08,16.85,Not Required,Normal operation
2020-05-31 12:00:00,492.31,2125.49,34.27,61.55,6.6,247.01,1.99,23.16,Not Required,Normal operation
2020-05-31 15:00:00,154.62,651.5,34.39,69.89,89.06,244.82,0.63,23.73,Required,Check wiring
2020-05-31 18:00:00,5.51,31.74,39.05,67.62,14.06,242.81,0.02,17.36,Warning,Check shading
2020-06-01 06:00:00,1.99,8.16,21.29,25.28,96.06,221.98,0.01,24.39,Required,Cooling system check
2020-06-01 09:00:00,135.72,733.07,24.93,68.52,83.76,237.43,0.57,18.51,Required,Cooling system check
2020-06-01 12:00:00,433.48,2413.76,33.96,53.73,50.09,219.16,1.98,17.96,Not Required,Normal operation
2020-06-01 15:00:00,227.16,996.99,27.48,32.63,62.9,247.45,0.92,22.78,Warning,Minor cleaning suggested
2020-06-01 18:00:00,0.0,0.0,28.8,57.83,51.9,231.18,0.0,0.0,Required,Check wiring
2020-06-02 06:00:00,8.43,37.39,21.42,29.31,93.0,249.42,0.03,22.55,Required,Clean panels
2020-06-02 09:00:00,21.01,86.38,35.94,40.88,87.07,207.45,0.1,24.32,Required,Clean panels
2020-06-02 12:00:00,349.33,1598.22,37.57,26.83,65.35,224.16,1.56,21.86,Warning,Check shading
2020-06-02 15:00:00,147.1,830.69,25.24,38.41,27.73,234.71,0.63,17.71,Not Required,Normal operation
2020-06-02 18:00:00,0.73,3.06,25.18,43.94,24.1,207.31,0.0,23.86,Not Required,Normal operation
2020-06-03 06:00:00,4.13,23.77,40.73,60.48,82.21,218.22,0.02,17.37,Required,Clean panels
2020-06-03 09:00:00,141.5,668.29,23.13,59.33,73.46,228.65,0.62,21.17,Warning,Check shading
2020-06-03 12:00:00,215.94,1116.05,38.36,78.73,55.35,242.8,0.89,19.35,Warning,Inspect inverter
2020-06-03 15:00:00,173.67,985.12,43.05,48.72,13.36,208.42,0.83,17.63,Required,Cooling system check
2020-06-03 18:00:00,0.0,0.0,43.26,28.23,18.94,214.91,0.0,0.0,Required,Clean panels
2020-06-04 06:00:00,4.55,21.69,22.18,39.47,56.58,227.31,0.02,20.98,Not Required,Normal operation
2020-06-04 09:00:00,74.95,437.86,44.25,66.43,57.96,205.26,0.37,17.12,Required,Clean panels
2020-06-04 12:00:00,333.88,1490.08,25.1,56.54,27.01,210.7,1.58,22.41,Not Required,Normal operation
2020-06-04 15:00:00,204.0,1088.34,43.33,60.77,67.0,247.48,0.82,18.74,Required,Clean panels
2020-06-04 18:00:00,8.75,47.88,24.73,65.15,85.54,222.51,0.04,18.27,Required,Check wiring
2020-06-05 06:00:00,0.0,0.0,36.16,36.84,76.59,228.78,0.0,0.0,Required,Check wiring
2020-06-05 09:00:00,47.84,282.11,30.15,79.24,60.72,237.2,0.2,16.96,Warning,Minor cleaning suggested
2020-06-05 12:00:00,323.77,1374.74,31.53,59.17,68.38,232.18,1.39,23.55,Warning,Minor cleaning suggested
2020-06-05 15:00:00,108.48,487.84,33.66,70.68,47.35,248.0,0.44,22.24,Not Required,Normal operation
2020-06-05 18:00:00,4.76,27.04,39.57,79.16,52.29,241.48,0.02,17.6,Warning,Check shading
2020-06-06 06:00:00,0.0,0.0,37.55,58.63,40.7,230.89,0.0,0.0,Required,Clean panels
2020-06-06 09:00:00,93.42,500.67,40.93,33.5,99.62,235.72,0.4,18.66,Required,Check wiring
2020-06-06 12:00:00,288.78,1689.68,20.16,34.99,93.57,206.55,1.4,17.09,Required,Clean panels
2020-06-06 15:00:00,192.63,1075.3,33.45,75.85,5.59,232.94,0.83,17.91,Not Required,Normal operation
2020-06-06 18:00:00,1.43,6.92,20.43,28.77,69.79,243.67,0.01,20.66,Warning,Check shading
2020-06-07 06:00:00,0.0,0.0,43.51,29.42,79.94,231.62,0.0,0.0,Required,Clean panels
2020-06-07 09:00:00,131.41,624.34,35.04,76.75,69.17,233.97,0.56,21.05,Warning,Check shading
2020-06-07 12:00:00,324.01,1357.31,23.89,50.44,75.43,232.02,1.4,23.87,Warning,Check shading
2020-06-07 15:00:00,117.53,500.48,37.82,61.3,0.75,232.09,0.51,23.48,Not Required,Normal operation
2020-06-07 18:00:00,0.57,2.96,25.54,69.14,68.29,220.73,0.0,19.26,Warning,Minor cleaning suggested
2020-06-08 06:00:00,0.0,0.0,28.01,46.73,25.72,239.63,0.0,0.0,Required,Cooling system check
2020-06-08 09:00:00,30.1,160.52,30.16,65.14,99.74,245.3,0.12,18.75,Required,Clean panels
2020-06-08 12:00:00,319.05,1733.87,26.47,76.08,40.85,238.72,1.34,18.4,Not Required,Normal operation
2020-06-08 15:00:00,223.82,963.63,37.86,38.87,56.33,247.21,0.91,23.23,Not Required,Normal operation
2020-06-08 18:00:00,6.74,37.43,39.47,58.55,57.5,222.31,0.03,18.01,Warning,Minor cleaning suggested
2020-06-09 06:00:00,0.0,0.0,43.92,24.68,88.37,216.49,0.0,0.0,Required,Check wiring
2020-06-09 09:00:00,127.91,659.13,26.36,61.86,34.95,230.91,0.55,19.41,Not Required,Normal operation
2020-06-09 12:00:00,362.01,1754.86,38.76,64.41,53.68,211.05,1.72,20.63,Warning,Inspect inverter
2020-06-09 15:00:00,202.51,1121.59,39.73,50.05,72.98,220.79,0.92,18.06,Warning,Check shading
2020-06-09 18:00:00,0.0,0.0,28.39,72.13,29.23,237.7,0.0,0.0,Required,Clean panels
2020-06-10 06:00:00,8.38,40.52,31.77,34.52,87.13,239.13,0.04,20.68,Required,Cooling system check
2020-06-10 09:00:00,55.96,230.63,39.55,33.93,14.41,226.03,0.25,24.26,Warning,Check shading
2020-06-10 12:00:00,312.73,1494.07,36.76,24.95,14.74,226.8,1.38,20.93,Not Required,Normal operation
2020-06-10 15:00:00,201.54,1021.37,20.76,35.75,36.67,220.88,0.91,19.73,Not Required,Normal operation
2020-06-10 18:00:00,2.72,13.31,43.98,52.9,81.77,225.58,0.01,20.44,Required,Cooling system check
2020-06-11 06:00:00,0.0,0.0,23.78,39.23,33.15,206.13,0.0,0.0,Required,Check wiring
2020-06-11 09:00:00,53.7,225.58,39.34,24.78,63.52,247.55,0.22,23.81,Warning,Inspect inverter
2020-06-11 12:00:00,309.37,1544.05,29.63,74.7,72.81,201.95,1.53,20.04,Warning,Minor cleaning suggested
2020-06-11 15:00:00,111.95,523.86,27.12,25.2,52.57,223.48,0.5,21.37,Not Required,Normal operation
2020-06-11 18:00:00,0.0,0.0,23.04,41.4,32.79,239.89,0.0,0.0,Required,Cooling system check
2020-06-12 06:00:00,0.0,0.0,30.92,44.17,17.69,215.06,0.0,0.0,Required,Cooling system check
2020-06-12 09:00:00,69.06,372.86,43.99,56.72,92.87,248.78,0.28,18.52,Required,Clean panels
2020-06-12 12:00:00,502.82,2140.87,35.4,45.55,33.43,215.87,2.33,23.49,Not Required,Normal operation
2020-06-12 15:00:00,192.53,842.6,33.86,61.58,42.17,208.07,0.93,22.85,Not Required,Normal operation
2020-06-12 18:00:00,0.0,0.0,23.67,20.34,9.01,244.75,0.0,0.0,Required,Check wiring
2020-06-13 06:00:00,0.0,0.0,40.58,31.21,12.44,208.67,0.0,0.0,Required,Clean panels
2020-06-13 09:00:00,91.41,529.31,22.9,42.68,60.83,200.02,0.46,17.27,Warning,Inspect inverter
2020-06-13 12:00:00,329.09,1778.96,22.52,36.74,44.75,220.83,1.49,18.5,Not Required,Normal operation
2020-06-13 15:00:00,204.37,976.11,25.49,22.25,85.25,240.9,0.85,20.94,Required,Clean panels
2020-06-13 18:00:00,1.62,6.82,33.49,49.77,92.92,203.15,0.01,23.75,Required,Clean panels
2020-06-14 06:00:00,0.15,0.77,22.61,79.34,85.12,216.61,0.0,19.48,Required,Check wiring
2020-06-14 09:00:00,109.3,570.24,24.34,39.86,67.18,226.52,0.48,19.17,Warning,Check shading
2020-06-14 12:00:00,413.16,1718.32,36.87,72.87,0.86,201.39,2.05,24.04,Not Required,Normal operation
2020-06-14 15:00:00,208.97,900.42,25.35,45.04,66.29,213.22,0.98,23.21,Warning,Minor cleaning suggested
2020-06-14 18:00:00,7.07,35.85,39.33,20.58,38.83,228.21,0.03,19.72,Warning,Check shading
2020-06-15 06:00:00,0.0,0.0,28.46,36.37,17.91,226.12,0.0,0.0,Required,Cooling system check
2020-06-15 09:00:00,90.29,438.82,28.27,43.43,44.56,228.47,0.4,20.58,Not Required,Normal operation
2020-06-15 12:00:00,430.18,2227.4,27.37,67.8,77.62,245.17,1.75,19.31,Warning,Inspect inverter
2020-06-15 15:00:00,148.15,801.2,21.07,56.17,65.15,237.88,0.62,18.49,Warning,Check shading
2020-06-15 18:00:00,4.0,20.72,35.19,21.84,82.64,230.63,0.02,19.31,Required,Check wiring
2020-06-16 06:00:00,0.0,0.0,38.67,26.09,34.58,210.77,0.0,0.0,Required,Check wiring
2020-06-16 09:00:00,129.71,533.17,33.55,20.27,31.88,216.12,0.6,24.33,Not Required,Normal operation
2020-06-16 12:00:00,477.55,2244.9,28.19,28.16,56.39,242.48,1.97,21.27,Not Required,Normal operation
2020-06-16 15:00:00,160.28,849.5,27.91,46.38,17.31,203.13,0.79,18.87,Not Required,Normal operation
2020-06-16 18:00:00,9.53,48.21,43.49,79.2,79.49,241.59,0.04,19.77,Required,Check wiring
2020-06-17 06:00:00,2.88,12.59,41.33,30.18,99.08,229.61,0.01,22.88,Required,Clean panels
2020-06-17 09:00:00,115.04,605.37,33.4,48.85,66.89,208.43,0.55,19.0,Warning,Inspect inverter
2020-06-17 12:00:00,215.92,1087.3,22.69,36.48,38.06,247.78,0.87,19.86,Not Required,Normal operation
2020-06-17 15:00:00,116.09,571.68,39.9,28.54,72.48,226.67,0.51,20.31,Warning,Inspect inverter
2020-06-17 18:00:00,7.48,43.0,37.7,31.22,31.3,233.87,0.03,17.4,Not Required,Normal operation
2020-06-18 06:00:00,7.44,36.93,33.12,29.26,28.75,202.81,0.04,20.15,Not Required,Normal operation
2020-06-18 09:00:00,56.78,320.01,44.17,69.77,92.63,227.94,0.25,17.74,Required,Cooling system check
2020-06-18 12:00:00,284.89,1535.59,30.59,70.04,4.36,212.76,1.34,18.55,Not Required,Normal operation
2020-06-18 15:00:00,132.1,638.94,40.43,42.97,61.98,206.88,0.64,20.67,Warning,Minor cleaning suggested
2020-06-18 18:00:00,5.21,28.09,32.29,67.63,61.03,205.96,0.03,18.55,Warning,Minor cleaning suggested
2020-06-19 06:00:00,0.0,0.0,38.71,26.96,37.34,202.26,0.0,0.0,Required,Clean panels
2020-06-19 09:00:00,68.65,323.08,32.31,77.15,56.44,201.22,0.34,21.25,Not Required,Normal operation
2020-06-19 12:00:00,415.67,1832.01,21.04,66.2,7.38,226.5,1.84,22.69,Not Required,Normal operation
2020-06-19 15:00:00,192.06,1146.23,33.08,73.57,17.94,204.0,0.94,16.76,Not Required,Normal operation
2020-06-19 18:00:00,0.0,0.0,41.71,72.59,37.93,213.66,0.0,0.0,Required,Cooling system check
2020-06-20 06:00:00,0.0,0.0,24.05,63.1,66.42,213.78,0.0,0.0,Required,Check wiring
2020-06-20 09:00:00,112.17,664.04,31.55,21.63,86.74,226.76,0.49,16.89,Required,Cooling system check
2020-06-20 12:00:00,469.22,2186.11,43.3,50.28,74.88,222.42,2.11,21.46,Required,Check wiring
2020-06-20 15:00:00,219.62,894.61,24.1,30.56,21.35,206.03,1.07,24.55,Not Required,Normal operation
2020-06-20 18:00:00,0.0,0.0,42.7,21.67,46.24,243.14,0.0,0.0,Required,Cooling system check
2020-06-21 06:00:00,0.1,0.57,36.76,24.46,8.16,200.77,0.0,17.54,Not Required,Normal operation
2020-06-21 09:00:00,117.69,626.33,34.95,33.73,53.18,209.51,0.56,18.79,Not Required,Normal operation
2020-06-21 12:00:00,459.08,2031.01,39.87,72.4,47.38,224.68,2.04,22.6,Warning,Minor cleaning suggested
2020-06-21 15:00:00,239.61,980.71,44.45,75.38,75.48,226.94,1.06,24.43,Required,Cooling system check
2020-06-21 18:00:00,0.0,0.0,22.43,67.37,35.58,242.45,0.0,0.0,Required,Cooling system check
2020-06-22 06:00:00,0.0,0.0,41.21,66.36,70.64,242.74,0.0,0.0,Required,Cooling system check
2020-06-22 09:00:00,35.11,163.04,20.49,41.27,23.99,235.85,0.15,21.53,Not Required,Normal operation
2020-06-22 12:00:00,310.34,1668.11,20.5,52.4,54.17,210.03,1.48,18.6,Not Required,Normal operation
2020-06-22 15:00:00,235.22,962.39,43.52,39.48,28.08,219.24,1.07,24.44,Required,Cooling system check
2020-06-22 18:00:00,0.0,0.0,34.29,29.9,31.88,233.76,0.0,0.0,Required,Check wiring
2020-06-23 06:00:00,7.98,41.46,35.25,35.62,1.61,219.28,0.04,19.25,Not Required,Normal operation
2020-06-23 09:00:00,36.35,193.32,30.53,74.36,39.03,218.93,0.17,18.8,Not Required,Normal operation
2020-06-23 12:00:00,392.5,2134.46,33.27,61.49,28.72,234.5,1.67,18.39,Not Required,Normal operation
2020-06-23 15:00:00,177.99,1036.87,30.85,55.95,49.95,214.73,0.83,17.17,Not Required,Normal operation
2020-06-23 18:00:00,0.0,0.0,35.68,27.77,64.68,242.21,0.0,0.0,Required,Cooling system check
2020-06-24 06:00:00,0.0,0.0,31.53,49.54,48.21,247.36,0.0,0.0,Required,Clean panels
2020-06-24 09:00:00,86.72,383.59,34.76,47.01,94.96,201.48,0.43,22.61,Required,Check wiring
2020-06-24 12:00:00,476.28,2290.02,39.09,44.83,79.68,209.49,2.27,20.8,Warning,Minor cleaning suggested
2020-06-24 15:00:00,190.74,886.93,44.25,27.58,32.64,219.0,0.87,21.51,Required,Check wiring
2020-06-24 18:00:00,0.0,0.0,25.4,34.67,30.77,202.91,0.0,0.0,Required,Cooling system check
2020-06-25 06:00:00,4.69,26.51,21.23,69.97,58.74,227.25,0.02,17.69,Not Required,Normal operation
2020-06-25 09:00:00,62.34,361.58,25.73,39.91,50.3,211.87,0.29,17.24,Not Required,Normal operation
2020-06-25 12:00:00,251.6,1146.09,29.36,41.15,65.13,216.38,1.16,21.95,Warning,Inspect inverter
2020-06-25 15:00:00,238.83,1186.98,30.02,79.89,79.21,207.42,1.15,20.12,Warning,Inspect inverter
2020-06-25 18:00:00,7.61,34.08,23.45,37.06,94.93,203.31,0.04,22.33,Required,Check wiring
2020-06-26 06:00:00,0.0,0.0,44.52,40.26,21.28,230.55,0.0,0.0,Required,Clean panels
2020-06-26 09:00:00,141.67,582.1,26.63,20.94,33.73,232.79,0.61,24.34,Not Required,Normal operation
2020-06-26 12:00:00,440.29,2356.01,26.45,31.48,86.43,212.4,2.07,18.69,Required,Clean panels
2020-06-26 15:00:00,167.44,692.16,42.16,72.58,11.56,238.26,0.7,24.19,Required,Check wiring
2020-06-26 18:00:00,0.0,0.0,20.45,50.4,3.08,219.4,0.0,0.0,Required,Check wiring
2020-06-27 06:00:00,5.79,29.24,20.02,37.96,90.88,245.1,0.02,19.8,Required,Cooling system check
2020-06-27 09:00:00,65.8,296.94,41.42,37.05,15.34,225.76,0.29,22.16,Warning,Check shading
2020-06-27 12:00:00,437.27,2459.4,24.38,75.34,13.14,241.04,1.81,17.78,Not Required,Normal operation
2020-06-27 15:00:00,147.0,730.6,38.61,26.66,52.75,246.4,0.6,20.12,Warning,Check shading
2020-06-27 18:00:00,9.91,44.99,37.62,71.49,98.97,219.91,0.05,22.03,Required,Clean panels
2020-06-28 06:00:00,0.0,0.0,29.98,38.4,23.63,230.21,0.0,0.0,Required,Cooling system check
2020-06-28 09:00:00,76.59,375.76,35.63,52.65,31.3,216.35,0.35,20.38,Not Required,Normal operation
2020-06-28 12:00:00,434.85,2385.63,37.84,42.13,54.85,245.38,1.77,18.23,Not Required,Normal operation
2020-06-28 15:00:00,245.46,1363.56,36.86,46.1,72.25,205.18,1.2,18.0,Warning,Inspect inverter
2020-06-28 18:00:00,5.21,28.8,43.67,20.18,52.5,206.19,0.03,18.09,Required,Check wiring
2020-06-29 06:00:00,2.97,12.56,28.01,41.84,13.37,217.94,0.01,23.65,Not Required,Normal operation
2020-06-29 09:00:00,137.17,549.39,27.18,35.64,69.93,206.84,0.66,24.97,Warning,Minor cleaning suggested
2020-06-29 12:00:00,356.57,1479.01,38.53,70.81,48.34,202.54,1.76,24.11,Warning,Check shading
2020-06-29 15:00:00,194.83,834.04,29.97,23.26,78.06,212.28,0.92,23.36,Warning,Check shading
2020-06-29 18:00:00,2.1,9.04,41.11,55.79,86.21,239.33,0.01,23.23,Required,Clean panels
2020-06-30 06:00:00,5.83,30.3,21.65,23.73,99.03,247.81,0.02,19.24,Required,Cooling system check
2020-06-30 09:00:00,42.22,216.69,42.87,50.99,49.0,248.3,0.17,19.48,Required,Check wiring
2020-06-30 12:00:00,389.47,2139.48,39.01,59.27,58.39,205.73,1.89,18.2,Warning,Minor cleaning suggested
2020-06-30 15:00:00,123.7,680.56,20.63,20.87,7.87,238.59,0.52,18.18,Not Required,Normal operation
2020-06-30 18:00:00,0.0,0.0,40.36,35.85,90.4,247.55,0.0,0.0,Required,Check wiring
2020-07-01 06:00:00,0.0,0.0,22.73,36.2,24.94,218.57,0.0,0.0,Required,Cooling system check
2020-07-01 09:00:00,26.27,152.69,25.65,42.17,6.42,206.52,0.13,17.2,Not Required,Normal operation
2020-07-01 12:00:00,352.86,1527.57,27.38,31.67,51.65,207.93,1.7,23.1,Not Required,Normal operation
2020-07-01 15:00:00,114.9,649.99,29.61,24.25,3.96,207.89,0.55,17.68,Not Required,Normal operation
2020-07-01 18:00:00,0.0,0.0,41.98,20.72,74.3,234.34,0.0,0.0,Required,Clean panels
2020-07-02 06:00:00,5.47,24.83,29.89,71.14,35.79,232.06,0.02,22.03,Not Required,Normal operation
2020-07-02 09:00:00,58.82,330.12,36.35,34.54,2.27,218.69,0.27,17.82,Not Required,Normal operation
2020-07-02 12:00:00,247.46,1145.52,41.17,53.05,26.68,229.78,1.08,21.6,Warning,Minor cleaning suggested
2020-07-02 15:00:00,101.98,468.27,24.22,60.91,44.61,220.62,0.46,21.78,Not Required,Normal operation
2020-07-02 18:00:00,0.0,0.0,27.48,64.71,39.82,233.5,0.0,0.0,Required,Clean panels
2020-07-03 06:00:00,0.0,0.0,22.75,44.1,44.85,228.49,0.0,0.0,Required,Check wiring
2020-07-03 09:00:00,90.95,377.65,32.73,22.21,91.55,205.65,0.44,24.08,Required,Check wiring
2020-07-03 12:00:00,424.48,1824.01,37.96,55.08,5.92,236.46,1.8,23.27,Not Required,Normal operation
2020-07-03 15:00:00,176.06,967.49,41.77,70.74,0.57,239.04,0.74,18.2,Warning,Inspect inverter
2020-07-03 18:00:00,0.0,0.0,41.33,25.33,71.81,227.65,0.0,0.0,Required,Clean panels
2020-07-04 06:00:00,0.0,0.0,28.3,31.91,83.8,207.31,0.0,0.0,Required,Clean panels
2020-07-04 09:00:00,121.54,715.21,25.74,20.12,26.18,210.3,0.58,16.99,Not Required,Normal operation
2020-07-04 12:00:00,292.61,1298.83,21.29,54.46,78.5,206.86,1.41,22.53,Warning,Minor cleaning suggested
2020-07-04 15:00:00,183.23,919.27,27.71,38.6,58.25,214.98,0.85,19.93,Not Required,Normal operation
2020-07-04 18:00:00,3.05,12.29,34.25,41.32,80.62,202.02,0.02,24.82,Required,Check wiring
2020-07-05 06:00:00,8.34,40.18,21.4,35.35,13.41,205.59,0.04,20.76,Not Required,Normal operation
2020-07-05 09:00:00,120.89,674.89,31.97,78.02,18.75,239.4,0.5,17.91,Not Required,Normal operation
2020-07-05 12:00:00,273.93,1386.52,31.01,67.39,68.39,208.51,1.31,19.76,Warning,Inspect inverter
2020-07-05 15:00:00,138.35,619.97,22.84,43.14,27.39,210.49,0.66,22.32,Not Required,Normal operation
2020-07-05 18:00:00,0.0,0.0,41.21,79.45,2.94,217.72,0.0,0.0,Required,Clean panels
2020-07-06 06:00:00,6.95,30.36,37.89,74.31,31.83,249.79,0.03,22.89,Not Required,Normal operation
2020-07-06 09:00:00,67.5,345.84,41.53,32.53,58.27,241.85,0.28,19.52,Warning,Check shading
2020-07-06 12:00:00,467.2,1904.93,25.52,30.71,52.75,247.11,1.89,24.53,Not Required,Normal operation
2020-07-06 15:00:00,181.99,1030.46,26.75,73.65,12.96,244.62,0.74,17.66,Not Required,Normal operation
2020-07-06 18:00:00,0.01,0.05,20.14,35.81,14.81,209.3,0.0,20.0,Not Required,Normal operation
2020-07-07 06:00:00,2.59,12.98,44.74,22.87,41.77,225.14,0.01,19.95,Required,Check wiring
2020-07-07 09:00:00,66.71,333.01,32.95,24.4,56.37,222.3,0.3,20.03,Not Required,Normal operation
2020-07-07 12:00:00,337.05,1983.37,30.48,58.57,14.33,202.73,1.66,16.99,Not Required,Normal operation
2020-07-07 15:00:00,149.35,671.0,25.45,54.52,55.72,237.53,0.63,22.26,Not Required,Normal operation
2020-07-07 18:00:00,9.92,43.64,20.58,26.57,75.55,234.89,0.04,22.73,Warning,Minor cleaning suggested
2020-07-08 06:00:00,7.61,35.98,43.28,52.86,91.0,223.17,0.03,21.15,Required,Check wiring
2020-07-08 09:00:00,56.77,283.84,27.68,70.89,38.3,245.13,0.23,20.0,Not Required,Normal operation
2020-07-08 12:00:00,404.36,1935.27,20.09,77.32,4.1,224.25,1.8,20.89,Not Required,Normal operation
2020-07-08 15:00:00,181.5,1074.29,26.61,25.31,69.04,215.25,0.84,16.89,Warning,Check shading
2020-07-08 18:00:00,0.0,0.0,28.49,70.62,51.58,243.2,0.0,0.0,Required,Check wiring
2020-07-09 06:00:00,0.0,0.0,38.8,33.26,25.37,233.53,0.0,0.0,Required,Check wiring
2020-07-09 09:00:00,65.34,375.68,40.29,62.54,96.39,234.75,0.28,17.39,Required,Clean panels
2020-07-09 12:00:00,398.15,2035.98,36.25,34.66,76.32,224.02,1.78,19.56,Warning,Minor cleaning suggested
2020-07-09 15:00:00,238.48,1350.12,37.72,37.77,18.67,219.35,1.09,17.66,Not Required,Normal operation
2020-07-09 18:00:00,0.0,0.0,40.07,40.34,29.81,244.3,0.0,0.0,Required,Clean panels
2020-07-10 06:00:00,0.0,0.0,32.97,70.6,64.64,219.59,0.0,0.0,Required,Clean panels
2020-07-10 09:00:00,76.47,433.03,36.9,38.35,51.09,203.61,0.38,17.66,Not Required,Normal operation
2020-07-10 12:00:00,461.94,2447.02,37.24,58.04,82.14,211.16,2.19,18.88,Required,Clean panels
2020-07-10 15:00:00,223.98,1237.91,44.61,76.57,8.95,222.41,1.01,18.09,Required,Check wiring
2020-07-10 18:00:00,0.0,0.0,30.95,41.63,85.57,236.6,0.0,0.0,Required,Check wiring
2020-07-11 06:00:00,4.65,23.77,31.96,61.09,23.51,249.01,0.02,19.56,Not Required,Normal operation
2020-07-11 09:00:00,107.81,513.93,37.21,63.31,21.87,243.59,0.44,20.98,Not Required,Normal operation
2020-07-11 12:00:00,464.64,2573.68,27.07,78.48,28.97,224.32,2.07,18.05,Not Required,Normal operation
2020-07-11 15:00:00,232.62,1010.31,23.25,53.13,48.2,244.04,0.95,23.02,Not Required,Normal operation
2020-07-11 18:00:00,1.92,8.99,42.74,22.17,65.78,232.95,0.01,21.36,Required,Cooling system check
2020-07-12 06:00:00,0.0,0.0,28.88,43.17,55.02,217.9,0.0,0.0,Required,Check wiring
2020-07-12 09:00:00,124.3,600.83,40.1,64.86,31.82,202.78,0.61,20.69,Warning,Inspect inverter
2020-07-12 12:00:00,271.37,1417.13,39.38,43.62,25.84,241.58,1.12,19.15,Warning,Minor cleaning suggested
2020-07-12 15:00:00,174.98,1009.56,34.9,22.2,98.52,222.98,0.78,17.33,Required,Cooling system check
2020-07-12 18:00:00,0.0,0.0,43.61,77.41,78.34,228.37,0.0,0.0,Required,Clean panels
2020-07-13 06:00:00,3.44,17.44,37.61,63.42,46.95,242.18,0.01,19.72,Not Required,Normal operation
2020-07-13 09:00:00,76.54,421.11,28.65,22.49,22.19,230.68,0.33,18.18,Not Required,Normal operation
2020-07-13 12:00:00,196.56,934.62,21.95,60.34,77.74,238.5,0.82,21.03,Warning,Check shading
2020-07-13 15:00:00,127.44,682.05,36.57,68.39,41.59,234.63,0.54,18.68,Not Required,Normal operation
2020-07-13 18:00:00,0.0,0.0,23.08,72.23,4.06,239.76,0.0,0.0,Required,Check wiring
2020-07-14 06:00:00,3.47,16.84,40.14,20.02,13.19,231.97,0.01,20.61,Warning,Minor cleaning suggested
2020-07-14 09:00:00,105.81,503.63,29.9,50.55,82.8,240.99,0.44,21.01,Required,Cooling system check
2020-07-14 12:00:00,391.66,1630.24,39.79,49.39,53.8,231.35,1.69,24.02,Warning,Inspect inverter
2020-07-14 15:00:00,172.1,714.98,30.4,75.44,56.72,248.32,0.69,24.07,Not Required,Normal operation
2020-07-14 18:00:00,0.0,0.0,38.58,43.24,20.01,215.08,0.0,0.0,Required,Check wiring
2020-07-15 06:00:00,4.82,25.52,38.57,72.09,19.73,225.14,0.02,18.89,Warning,Minor cleaning suggested
2020-07-15 09:00:00,38.19,218.18,22.9,49.07,54.7,234.69,0.16,17.5,Not Required,Normal operation
2020-07-15 12:00:00,256.01,1387.56,33.4,47.11,92.92,242.07,1.06,18.45,Required,Clean panels
2020-07-15 15:00:00,226.36,928.33,43.69,66.45,36.4,201.79,1.12,24.38,Required,Check wiring
2020-07-15 18:00:00,1.28,6.84,24.03,52.5,40.5,203.44,0.01,18.71,Not Required,Normal operation
2020-07-16 06:00:00,0.0,0.0,33.55,59.47,92.45,201.93,0.0,0.0,Required,Check wiring
2020-07-16 09:00:00,102.22,601.03,31.14,24.11,27.68,228.21,0.45,17.01,Not Required,Normal operation
2020-07-16 12:00:00,335.24,1693.4,22.0,54.66,74.49,220.78,1.52,19.8,Warning,Minor cleaning suggested
2020-07-16 15:00:00,128.69,649.46,36.04,30.47,12.42,236.29,0.54,19.81,Not Required,Normal operation
2020-07-16 18:00:00,0.0,0.0,42.91,29.6,48.85,225.94,0.0,0.0,Required,Cooling system check
2020-07-17 06:00:00,4.05,18.94,42.02,58.69,28.84,219.55,0.02,21.38,Required,Clean panels
2020-07-17 09:00:00,52.17,231.49,39.78,39.81,48.6,243.14,0.21,22.54,Warning,Check shading
2020-07-17 12:00:00,271.45,1423.71,20.69,27.97,78.88,200.78,1.35,19.07,Warning,Minor cleaning suggested
2020-07-17 15:00:00,152.86,914.04,32.71,72.88,55.06,236.45,0.65,16.72,Not Required,Normal operation
2020-07-17 18:00:00,0.0,0.0,34.55,76.45,43.89,212.89,0.0,0.0,Required,Check wiring
2020-07-18 06:00:00,0.0,0.0,40.93,45.53,52.28,240.95,0.0,0.0,Required,Check wiring
2020-07-18 09:00:00,27.71,118.79,43.35,40.65,73.49,227.3,0.12,23.33,Required,Clean panels
2020-07-18 12:00:00,279.86,1523.15,29.07,75.33,29.83,245.45,1.14,18.37,Not Required,Normal operation
2020-07-18 15:00:00,107.96,550.46,22.18,78.09,49.65,231.46,0.47,19.61,Not Required,Normal operation
2020-07-18 18:00:00,7.4,29.71,23.4,50.23,40.21,213.3,0.03,24.91,Not Required,Normal operation
2020-07-19 06:00:00,0.0,0.0,38.42,53.18,99.06,200.44,0.0,0.0,Required,Clean panels
2020-07-19 09:00:00,81.92,464.12,27.58,32.73,79.12,217.27,0.38,17.65,Warning,Check shading
2020-07-19 12:00:00,485.08,1997.64,25.82,67.33,18.72,243.43,1.99,24.28,Not Required,Normal operation
2020-07-19 15:00:00,120.65,601.24,21.29,26.45,29.83,234.18,0.52,20.07,Not Required,Normal operation
2020-07-19 18:00:00,8.33,45.37,36.89,26.0,15.6,246.9,0.03,18.36,Not Required,Normal operation
2020-07-20 06:00:00,0.0,0.0,33.2,27.19,71.19,233.9,0.0,0.0,Required,Cooling system check
2020-07-20 09:00:00,38.31,229.09,35.11,47.56,31.1,238.44,0.16,16.72,Not Required,Normal operation
2020-07-20 12:00:00,397.36,2356.49,44.37,73.25,82.25,229.63,1.73,16.86,Required,Check wiring
2020-07-20 15:00:00,170.33,706.28,23.61,51.64,22.31,244.01,0.7,24.12,Not Required,Normal operation
2020-07-20 18:00:00,2.83,16.49,26.41,20.04,94.1,227.7,0.01,17.16,Required,Cooling system check
2020-07-21 06:00:00,0.0,0.0,24.6,41.85,77.44,234.89,0.0,0.0,Required,Clean panels
2020-07-21 09:00:00,138.51,712.78,28.18,28.16,69.67,218.1,0.64,19.43,Warning,Minor cleaning suggested
2020-07-21 12:00:00,239.03,1152.65,36.54,64.46,49.79,237.38,1.01,20.74,Not Required,Normal operation
2020-07-21 15:00:00,226.08,1188.41,20.5,67.84,9.9,213.57,1.06,19.02,Not Required,Normal operation
2020-07-21 18:00:00,4.73,26.98,28.75,36.21,62.54,221.34,0.02,17.53,Warning,Check shading
2020-07-22 06:00:00,2.01,9.22,26.7,68.04,27.67,222.36,0.01,21.8,Not Required,Normal operation
2020-07-22 09:00:00,43.57,227.57,25.56,26.46,76.03,217.84,0.2,19.15,Warning,Check shading
2020-07-22 12:00:00,470.44,2464.82,26.59,74.29,53.04,237.12,1.98,19.09,Not Required,Normal operation
2020-07-22 15:00:00,205.41,993.62,44.04,76.61,69.45,215.51,0.95,20.67,Required,Check wiring
2020-07-22 18:00:00,7.31,31.65,23.74,75.25,46.57,239.34,0.03,23.1,Not Required,Normal operation
2020-07-23 06:00:00,2.11,12.49,34.93,72.89,6.69,223.05,0.01,16.89,Not Required,Normal operation
2020-07-23 09:00:00,30.85,174.89,23.8,37.13,86.33,216.75,0.14,17.64,Required,Cooling system check
2020-07-23 12:00:00,344.36,1682.51,44.86,74.66,5.34,220.26,1.56,20.47,Required,Clean panels
2020-07-23 15:00:00,185.77,894.58,25.11,35.59,73.61,213.14,0.87,20.77,Warning,Check shading
2020-07-23 18:00:00,6.92,33.18,42.51,47.29,30.99,205.91,0.03,20.86,Required,Clean panels
2020-07-24 06:00:00,5.05,23.73,23.48,55.88,56.49,236.47,0.02,21.28,Not Required,Normal operation
2020-07-24 09:00:00,46.48,204.94,40.55,78.81,3.07,239.02,0.19,22.68,Warning,Minor cleaning suggested
2020-07-24 12:00:00,410.54,2197.84,44.69,58.98,97.24,225.46,1.82,18.68,Required,Check wiring
2020-07-24 15:00:00,180.21,723.42,23.9,67.93,35.52,239.19,0.75,24.91,Not Required,Normal operation
2020-07-24 18:00:00,0.0,0.0,31.57,39.28,87.54,207.57,0.0,0.0,Required,Clean panels
2020-07-25 06:00:00,0.0,0.0,32.24,64.5,65.56,226.61,0.0,0.0,Required,Clean panels
2020-07-25 09:00:00,33.7,148.73,24.24,51.69,8.01,218.62,0.15,22.66,Not Required,Normal operation
2020-07-25 12:00:00,496.8,2427.81,44.54,35.08,26.84,244.39,2.03,20.46,Required,Clean panels
2020-07-25 15:00:00,157.73,726.64,20.91,73.17,25.66,210.6,0.75,21.71,Not Required,Normal operation
2020-07-25 18:00:00,3.76,15.32,20.13,49.13,90.61,200.29,0.02,24.54,Required,Clean panels
2020-07-26 06:00:00,8.67,40.25,27.52,59.13,30.54,200.07,0.04,21.54,Not Required,Normal operation
2020-07-26 09:00:00,98.27,564.12,21.34,70.0,82.24,210.69,0.47,17.42,Required,Cooling system check
2020-07-26 12:00:00,385.75,2168.36,24.45,76.18,43.67,247.38,1.56,17.79,Not Required,Normal operation
2020-07-26 15:00:00,236.9,1196.85,26.39,67.21,49.57,224.83,1.05,19.79,Not Required,Normal operation
2020-07-26 18:00:00,0.0,0.0,34.09,59.36,78.09,220.05,0.0,0.0,Required,Cooling system check
2020-07-27 06:00:00,5.48,22.2,37.67,78.5,59.26,205.15,0.03,24.68,Not Required,Normal operation
2020-07-27 09:00:00,33.51,175.55,42.36,34.02,16.95,242.47,0.14,19.09,Required,Clean panels
2020-07-27 12:00:00,401.37,2034.09,30.5,46.56,78.15,227.19,1.77,19.73,Warning,Inspect inverter
2020-07-27 15:00:00,194.69,1167.72,28.49,30.8,7.15,231.28,0.84,16.67,Not Required,Normal operation
2020-07-27 18:00:00,9.94,55.74,42.2,61.38,30.74,224.88,0.04,17.83,Required,Check wiring
2020-07-28 06:00:00,4.05,16.86,38.4,38.51,96.58,219.07,0.02,24.02,Required,Cooling system check
2020-07-28 09:00:00,76.34,366.35,25.64,49.39,39.36,227.75,0.34,20.84,Not Required,Normal operation
2020-07-28 12:00:00,470.03,1975.11,31.26,66.45,37.96,227.49,2.07,23.8,Not Required,Normal operation
2020-07-28 15:00:00,245.46,1181.01,33.44,52.02,97.6,211.54,1.16,20.78,Required,Cooling system check
2020-07-28 18:00:00,0.0,0.0,31.16,69.56,44.9,239.63,0.0,0.0,Required,Clean panels
2020-07-29 06:00:00,0.0,0.0,27.2,34.45,83.56,216.08,0.0,0.0,Required,Clean panels
2020-07-29 09:00:00,148.0,780.41,37.69,51.13,67.83,212.36,0.7,18.96,Warning,Minor cleaning suggested
2020-07-29 12:00:00,457.03,2247.0,34.2,36.85,47.08,222.1,2.06,20.34,Not Required,Normal operation
2020-07-29 15:00:00,214.71,1259.51,34.04,59.6,87.15,216.73,0.99,17.05,Required,Cooling system check
2020-07-29 18:00:00,0.0,0.0,33.2,43.21,34.4,218.2,0.0,0.0,Required,Clean panels
2020-07-30 06:00:00,9.7,39.05,33.22,22.08,6.95,203.54,0.05,24.84,Not Required,Normal operation
2020-07-30 09:00:00,126.01,664.26,40.52,28.54,8.31,227.42,0.55,18.97,Warning,Check shading
2020-07-30 12:00:00,239.67,1013.35,22.1,68.03,39.33,203.77,1.18,23.65,Not Required,Normal operation
2020-07-30 15:00:00,156.07,664.34,41.91,44.05,89.78,246.77,0.63,23.49,Required,Check wiring
2020-07-30 18:00:00,0.0,0.0,44.0,55.73,31.92,205.95,0.0,0.0,Required,Cooling system check
2020-07-31 06:00:00,7.28,39.11,38.97,55.7,14.58,216.83,0.03,18.61,Warning,Check shading
2020-07-31 09:00:00,141.55,710.13,44.3,41.2,66.48,230.38,0.61,19.93,Required,Check wiring
2020-07-31 12:00:00,226.91,1317.31,28.12,28.3,37.5,201.04,1.13,17.23,Not Required,Normal operation
2020-07-31 15:00:00,98.77,485.21,42.65,79.18,85.45,240.4,0.41,20.36,Required,Clean panels
2020-07-31 18:00:00,0.0,0.0,31.33,79.69,56.2,245.81,0.0,0.0,Required,Clean panels
2020-08-01 06:00:00,6.36,35.79,25.65,69.22,20.21,217.93,0.03,17.77,Not Required,Normal operation
2020-08-01 09:00:00,25.19,108.44,24.9,34.36,88.07,217.47,0.12,23.23,Required,Check wiring
2020-08-01 12:00:00,259.51,1539.21,36.64,49.81,50.54,247.22,1.05,16.86,Not Required,Normal operation
2020-08-01 15:00:00,161.99,946.99,21.8,33.88,21.36,223.19,0.73,17.11,Not Required,Normal operation
2020-08-01 18:00:00,0.0,0.0,40.17,28.83,28.7,209.77,0.0,0.0,Required,Check wiring
2020-08-02 06:00:00,1.49,6.94,44.74,78.94,35.37,238.68,0.01,21.47,Required,Clean panels
2020-08-02 09:00:00,48.56,231.9,34.26,33.83,76.79,234.29,0.21,20.94,Warning,Inspect inverter
2020-08-02 12:00:00,438.04,1963.95,24.46,79.91,79.46,217.28,2.02,22.3,Warning,Check shading
2020-08-02 15:00:00,243.43,1366.84,39.02,77.72,59.63,212.21,1.15,17.81,Warning,Check shading
2020-08-02 18:00:00,0.0,0.0,33.79,33.15,35.42,204.28,0.0,0.0,Required,Clean panels
2020-08-03 06:00:00,7.62,34.33,31.09,55.79,46.63,243.21,0.03,22.2,Not Required,Normal operation
2020-08-03 09:00:00,135.94,775.36,31.95,29.18,58.01,209.51,0.65,17.53,Not Required,Normal operation
2020-08-03 12:00:00,197.72,978.02,21.04,62.89,55.35,206.96,0.96,20.22,Not Required,Normal operation
2020-08-03 15:00:00,255.07,1359.74,25.34,38.3,39.79,213.44,1.2,18.76,Not Required,Normal operation
2020-08-03 18:00:00,0.0,0.0,33.24,29.32,22.34,241.12,0.0,0.0,Required,Check wiring
2020-08-04 06:00:00,0.0,0.0,44.59,34.23,18.32,207.4,0.0,0.0,Required,Cooling system check
2020-08-04 09:00:00,98.29,482.05,43.38,69.26,15.86,208.81,0.47,20.39,Required,Clean panels
2020-08-04 12:00:00,247.89,1126.42,32.71,52.05,46.72,208.45,1.19,22.01,Not Required,Normal operation
2020-08-04 15:00:00,216.12,1053.9,38.43,63.01,16.32,247.47,0.87,20.51,Warning,Minor cleaning suggested
2020-08-04 18:00:00,0.0,0.0,38.58,41.43,79.93,246.96,0.0,0.0,Required,Clean panels
2020-08-05 06:00:00,3.47,19.0,35.11,41.73,90.24,213.3,0.02,18.26,Required,Check wiring
2020-08-05 09:00:00,62.31,355.56,23.54,65.85,9.28,203.74,0.31,17.52,Not Required,Normal operation
2020-08-05 12:00:00,342.34,1788.21,39.67,70.48,87.9,229.23,1.49,19.14,Required,Clean panels
2020-08-05 15:00:00,188.76,1115.87,32.72,23.99,55.47,233.08,0.81,16.92,Not Required,Normal operation
2020-08-05 18:00:00,3.36,13.99,27.76,52.4,65.72,201.61,0.02,24.02,Warning,Check shading
2020-08-06 06:00:00,0.0,0.0,21.23,51.87,45.64,231.96,0.0,0.0,Required,Cooling system check
2020-08-06 09:00:00,97.83,405.55,28.76,50.29,28.52,221.37,0.44,24.12,Not Required,Normal operation
2020-08-06 12:00:00,208.95,1044.4,33.59,79.71,19.43,219.36,0.95,20.01,Not Required,Normal operation
2020-08-06 15:00:00,220.84,1150.43,32.87,44.24,66.28,244.48,0.9,19.2,Warning,Inspect inverter
2020-08-06 18:00:00,0.0,0.0,22.31,74.71,28.26,237.4,0.0,0.0,Required,Clean panels
2020-08-07 06:00:00,0.0,0.0,43.61,78.77,50.96,222.46,0.0,0.0,Required,Check wiring
2020-08-07 09:00:00,104.28,600.52,36.94,48.62,5.56,238.38,0.44,17.36,Not Required,Normal operation
2020-08-07 12:00:00,269.3,1275.15,36.2,37.05,30.68,239.61,1.12,21.12,Not Required,Normal operation
2020-08-07 15:00:00,223.04,1118.68,37.62,28.46,46.62,217.1,1.03,19.94,Not Required,Normal operation
2020-08-07 18:00:00,0.0,0.0,30.62,65.25,60.28,221.08,0.0,0.0,Required,Check wiring
2020-08-08 06:00:00,2.74,12.29,25.4,36.47,9.8,246.25,0.01,22.29,Not Required,Normal operation
2020-08-08 09:00:00,155.63,775.19,40.12,44.64,94.07,211.13,0.74,20.08,Required,Clean panels
2020-08-08 12:00:00,444.63,1841.98,39.72,76.04,2.09,249.37,1.78,24.14,Warning,Inspect inverter
2020-08-08 15:00:00,113.86,525.21,33.27,37.33,10.54,244.2,0.47,21.68,Not Required,Normal operation
2020-08-08 18:00:00,0.22,1.0,37.09,33.55,72.73,205.92,0.0,22.0,Warning,Inspect inverter
2020-08-09 06:00:00,0.0,0.0,42.87,35.87,95.64,215.66,0.0,0.0,Required,Cooling system check
2020-08-09 09:00:00,82.4,430.79,35.6,58.85,52.05,206.23,0.4,19.13,Not Required,Normal operation
2020-08-09 12:00:00,210.98,854.61,37.3,79.81,17.91,229.05,0.92,24.69,Not Required,Normal operation
2020-08-09 15:00:00,134.67,595.95,26.32,77.87,75.8,200.3,0.67,22.6,Warning,Check shading
2020-08-09 18:00:00,0.0,0.0,33.83,42.24,18.23,237.73,0.0,0.0,Required,Clean panels
2020-08-10 06:00:00,0.0,0.0,22.19,68.8,83.2,217.92,0.0,0.0,Required,Check wiring
2020-08-10 09:00:00,107.07,634.82,22.34,57.43,56.08,248.64,0.43,16.87,Not Required,Normal operation
2020-08-10 12:00:00,468.85,2581.45,42.21,67.66,63.0,233.12,2.01,18.16,Required,Cooling system check
2020-08-10 15:00:00,202.47,1061.29,33.98,31.12,98.25,202.23,1.0,19.08,Required,Cooling system check
2020-08-10 18:00:00,0.0,0.0,40.08,33.02,74.62,249.2,0.0,0.0,Required,Check wiring
2020-08-11 06:00:00,0.0,0.0,42.34,45.63,36.68,224.16,0.0,0.0,Required,Check wiring
2020-08-11 09:00:00,89.04,489.13,33.42,77.83,14.17,244.49,0.36,18.2,Not Required,Normal operation
2020-08-11 12:00:00,426.59,2294.12,38.89,65.94,24.28,220.14,1.94,18.59,Warning,Check shading
2020-08-11 15:00:00,240.18,1322.86,23.19,43.38,78.97,241.97,0.99,18.16,Warning,Minor cleaning suggested
2020-08-11 18:00:00,0.0,0.0,39.75,34.1,38.68,208.95,0.0,0.0,Required,Check wiring
2020-08-12 06:00:00,0.0,0.0,28.22,64.99,57.72,248.57,0.0,0.0,Required,Cooling system check
2020-08-12 09:00:00,112.0,601.46,41.76,54.32,60.54,249.07,0.45,18.62,Warning,Minor cleaning suggested
2020-08-12 12:00:00,432.36,2149.14,20.02,51.29,44.0,205.97,2.1,20.12,Not Required,Normal operation
2020-08-12 15:00:00,245.88,1048.69,34.88,37.27,99.94,225.18,1.09,23.45,Required,Cooling system check
2020-08-12 18:00:00,0.0,0.0,39.24,26.62,28.32,216.84,0.0,0.0,Required,Clean panels
2020-08-13 06:00:00,8.34,37.84,27.53,25.11,80.53,238.36,0.03,22.04,Required,Check wiring
2020-08-13 09:00:00,86.05,355.66,24.43,67.83,68.86,249.16,0.35,24.19,Warning,Inspect inverter
2020-08-13 12:00:00,428.36,1980.55,20.7,64.43,82.27,230.56,1.86,21.63,Required,Cooling system check
2020-08-13 15:00:00,130.23,583.26,35.66,21.23,23.17,200.39,0.65,22.33,Not Required,Normal operation
2020-08-13 18:00:00,0.0,0.0,32.21,55.05,62.9,204.69,0.0,0.0,Required,Check wiring
2020-08-14 06:00:00,0.0,0.0,28.38,60.41,71.1,226.2,0.0,0.0,Required,Clean panels
2020-08-14 09:00:00,150.15,826.39,39.71,61.3,79.59,205.11,0.73,18.17,Warning,Check shading
2020-08-14 12:00:00,291.9,1205.46,20.22,79.64,62.75,205.16,1.42,24.21,Warning,Minor cleaning suggested
2020-08-14 15:00:00,123.07,639.51,27.09,22.81,34.18,227.98,0.54,19.24,Not Required,Normal operation
2020-08-14 18:00:00,0.0,0.0,22.39,43.46,2.51,220.6,0.0,0.0,Required,Cooling system check
2020-08-15 06:00:00,0.0,0.0,23.28,30.17,28.45,209.64,0.0,0.0,Required,Check wiring
2020-08-15 09:00:00,96.31,414.84,39.64,63.63,27.46,216.89,0.44,23.22,Warning,Minor cleaning suggested
2020-08-15 12:00:00,213.33,952.8,28.34,78.33,24.03,224.13,0.95,22.39,Not Required,Normal operation
2020-08-15 15:00:00,232.89,1005.79,26.37,47.57,44.94,229.39,1.02,23.15,Not Required,Normal operation
2020-08-15 18:00:00,0.4,2.08,38.83,49.77,21.5,202.32,0.0,19.23,Warning,Inspect inverter
2020-08-16 06:00:00,4.42,24.94,25.73,23.27,51.36,240.71,0.02,17.72,Not Required,Normal operation
2020-08-16 09:00:00,99.56,538.55,31.53,34.12,68.1,201.03,0.5,18.49,Warning,Inspect inverter
2020-08-16 12:00:00,366.13,1615.06,24.98,66.16,21.38,211.64,1.73,22.67,Not Required,Normal operation
2020-08-16 15:00:00,216.58,1179.15,33.98,54.54,50.4,237.7,0.91,18.37,Not Required,Normal operation
2020-08-16 18:00:00,1.82,9.77,32.26,45.09,4.37,236.41,0.01,18.63,Not Required,Normal operation
2020-08-17 06:00:00,0.0,0.0,23.43,43.35,50.59,203.49,0.0,0.0,Required,Cooling system check
2020-08-17 09:00:00,35.07,166.8,23.47,52.02,45.22,244.74,0.14,21.03,Not Required,Normal operation
2020-08-17 12:00:00,315.73,1654.44,20.14,68.13,40.48,233.86,1.35,19.08,Not Required,Normal operation
2020-08-17 15:00:00,208.03,1208.05,37.51,79.73,86.6,217.98,0.95,17.22,Required,Check wiring
2020-08-17 18:00:00,3.13,17.79,43.39,77.78,65.44,205.63,0.02,17.59,Required,Cooling system check
2020-08-18 06:00:00,1.73,7.0,26.02,62.43,79.8,244.49,0.01,24.71,Warning,Inspect inverter
2020-08-18 09:00:00,32.78,144.27,37.48,20.27,5.01,214.72,0.15,22.72,Not Required,Normal operation
2020-08-18 12:00:00,469.48,2580.86,30.87,51.28,28.72,218.32,2.15,18.19,Not Required,Normal operation
2020-08-18 15:00:00,226.8,1226.34,40.8,54.14,39.28,240.54,0.94,18.49,Warning,Inspect inverter
2020-08-18 18:00:00,6.55,36.62,24.69,58.1,10.21,228.37,0.03,17.89,Not Required,Normal operation
2020-08-19 06:00:00,9.07,46.2,43.44,46.29,36.5,201.93,0.04,19.63,Required,Cooling system check
2020-08-19 09:00:00,89.94,445.7,33.33,20.21,82.23,249.48,0.36,20.18,Required,Check wiring
2020-08-19 12:00:00,406.12,1873.63,40.23,71.01,18.89,222.78,1.82,21.68,Warning,Check shading
2020-08-19 15:00:00,214.34,1262.37,38.67,70.51,20.69,231.16,0.93,16.98,Warning,Inspect inverter
2020-08-19 18:00:00,0.0,0.0,43.04,32.35,80.38,212.23,0.0,0.0,Required,Clean panels
2020-08-20 06:00:00,0.0,0.0,25.11,25.98,51.9,242.96,0.0,0.0,Required,Cooling system check
2020-08-20 09:00:00,30.59,177.45,23.5,26.49,19.43,225.0,0.14,17.24,Not Required,Normal operation
2020-08-20 12:00:00,492.68,2054.15,35.01,46.35,1.66,248.27,1.98,23.98,Not Required,Normal operation
2020-08-20 15:00:00,231.98,1362.7,31.77,41.47,44.93,242.81,0.96,17.02,Not Required,Normal operation
2020-08-20 18:00:00,0.0,0.0,21.08,72.08,28.17,230.53,0.0,0.0,Required,Clean panels
2020-08-21 06:00:00,0.0,0.0,26.44,21.06,61.53,240.23,0.0,0.0,Required,Check wiring
2020-08-21 09:00:00,45.63,214.89,34.73,32.01,85.14,236.08,0.19,21.23,Required,Clean panels
2020-08-21 12:00:00,419.31,1684.2,26.11,37.56,45.0,205.22,2.04,24.9,Not Required,Normal operation
2020-08-21 15:00:00,139.65,670.52,25.32,50.22,92.1,241.12,0.58,20.83,Required,Clean panels
2020-08-21 18:00:00,0.0,0.0,34.76,27.49,11.38,247.07,0.0,0.0,Required,Cooling system check
2020-08-22 06:00:00,0.0,0.0,26.43,30.3,66.39,204.24,0.0,0.0,Required,Clean panels
2020-08-22 09:00:00,99.47,585.59,25.17,31.13,78.02,246.47,0.4,16.99,Warning,Minor cleaning suggested
2020-08-22 12:00:00,461.03,2584.78,30.86,35.27,77.32,248.06,1.86,17.84,Warning,Check shading
2020-08-22 15:00:00,196.44,1117.06,29.38,25.82,45.18,246.88,0.8,17.59,Not Required,Normal operation
2020-08-22 18:00:00,0.0,0.0,44.12,43.88,33.54,219.95,0.0,0.0,Required,Check wiring
2020-08-23 06:00:00,7.4,31.7,23.11,25.66,81.67,222.28,0.03,23.34,Required,Check wiring
2020-08-23 09:00:00,157.4,857.24,42.86,20.28,52.83,234.04,0.67,18.36,Required,Clean panels
2020-08-23 12:00:00,372.16,1942.5,40.56,20.95,70.03,243.91,1.53,19.16,Warning,Check shading
2020-08-23 15:00:00,193.13,952.91,23.1,51.25,28.04,234.77,0.82,20.27,Not Required,Normal operation
2020-08-23 18:00:00,0.0,0.0,33.46,40.05,0.38,208.61,0.0,0.0,Required,Check wiring
2020-08-24 06:00:00,0.0,0.0,39.71,51.55,42.86,201.58,0.0,0.0,Required,Clean panels
2020-08-24 09:00:00,71.15,301.41,23.16,73.18,10.49,241.52,0.29,23.61,Not Required,Normal operation
2020-08-24 12:00:00,294.49,1201.93,22.59,64.74,37.48,223.04,1.32,24.5,Not Required,Normal operation
2020-08-24 15:00:00,228.4,944.21,37.61,77.22,51.52,201.31,1.13,24.19,Not Required,Normal operation
2020-08-24 18:00:00,0.0,0.0,31.77,44.2,5.91,239.95,0.0,0.0,Required,Check wiring
2020-08-25 06:00:00,0.0,0.0,28.24,78.0,48.87,209.07,0.0,0.0,Required,Cooling system check
2020-08-25 09:00:00,69.04,286.56,36.46,71.81,98.76,236.09,0.29,24.09,Required,Cooling system check
2020-08-25 12:00:00,227.88,1157.5,32.28,63.42,45.93,248.89,0.92,19.69,Not Required,Normal operation
2020-08-25 15:00:00,133.6,682.43,35.36,30.67,80.22,207.44,0.64,19.58,Required,Check wiring
2020-08-25 18:00:00,0.0,0.0,24.24,75.29,13.51,205.48,0.0,0.0,Required,Clean panels
2020-08-26 06:00:00,0.0,0.0,34.72,74.17,91.52,235.54,0.0,0.0,Required,Cooling system check
2020-08-26 09:00:00,88.46,372.07,32.38,67.48,56.58,227.76,0.39,23.78,Not Required,Normal operation
2020-08-26 12:00:00,451.28,2600.11,38.13,64.94,38.83,200.05,2.26,17.36,Warning,Check shading
2020-08-26 15:00:00,124.19,507.4,34.17,33.52,88.56,214.46,0.58,24.48,Required,Clean panels
2020-08-26 18:00:00,0.0,0.0,42.1,28.34,45.65,223.03,0.0,0.0,Required,Cooling system check
2020-08-27 06:00:00,9.03,53.37,36.77,29.28,18.17,222.98,0.04,16.92,Not Required,Normal operation
2020-08-27 09:00:00,53.45,317.74,39.72,72.27,66.88,215.91,0.25,16.82,Warning,Inspect inverter
2020-08-27 12:00:00,238.31,1420.07,32.67,64.63,70.19,238.3,1.0,16.78,Warning,Minor cleaning suggested
2020-08-27 15:00:00,224.96,1214.22,31.94,50.6,11.49,229.02,0.98,18.53,Not Required,Normal operation
2020-08-27 18:00:00,0.0,0.0,31.03,30.98,26.95,246.74,0.0,0.0,Required,Cooling system check
2020-08-28 06:00:00,0.0,0.0,37.27,39.66,46.49,205.01,0.0,0.0,Required,Clean panels
2020-08-28 09:00:00,49.64,295.7,31.02,40.7,29.76,237.16,0.21,16.79,Not Required,Normal operation
2020-08-28 12:00:00,276.02,1113.33,40.23,69.78,32.97,218.0,1.27,24.79,Warning,Inspect inverter
2020-08-28 15:00:00,120.29,546.2,44.47,71.18,52.98,244.72,0.49,22.02,Required,Check wiring
2020-08-28 18:00:00,0.0,0.0,27.63,38.33,39.77,211.0,0.0,0.0,Required,Clean panels
2020-08-29 06:00:00,4.18,17.53,39.85,37.65,18.85,233.94,0.02,23.84,Warning,Check shading
2020-08-29 09:00:00,72.77,382.64,28.73,43.68,18.5,209.91,0.35,19.02,Not Required,Normal operation
2020-08-29 12:00:00,485.4,2355.67,42.65,42.9,8.76,217.28,2.23,20.61,Required,Check wiring
2020-08-29 15:00:00,118.58,656.88,41.71,64.77,45.91,248.42,0.48,18.05,Warning,Check shading
2020-08-29 18:00:00,3.11,15.51,41.77,66.98,33.64,203.99,0.02,20.05,Warning,Minor cleaning suggested
2020-08-30 06:00:00,5.47,31.78,36.1,41.74,34.52,206.69,0.03,17.21,Not Required,Normal operation
2020-08-30 09:00:00,95.54,537.19,41.42,27.07,53.96,216.83,0.44,17.79,Warning,Inspect inverter
2020-08-30 12:00:00,361.55,1919.67,44.16,49.71,6.17,206.68,1.75,18.83,Required,Cooling system check
2020-08-30 15:00:00,252.64,1439.84,38.91,69.1,3.45,235.62,1.07,17.55,Warning,Minor cleaning suggested
2020-08-30 18:00:00,0.0,0.0,28.11,50.13,28.45,245.26,0.0,0.0,Required,Clean panels
2020-08-31 06:00:00,7.81,33.16,44.74,33.36,62.61,234.25,0.03,23.55,Required,Cooling system check
2020-08-31 09:00:00,30.37,146.87,31.54,62.73,16.11,215.39,0.14,20.68,Not Required,Normal operation
2020-08-31 12:00:00,464.11,2276.8,26.6,54.65,70.89,213.79,2.17,20.38,Warning,Check shading
2020-08-31 15:00:00,122.93,632.05,20.67,56.77,97.39,224.83,0.55,19.45,Required,Cooling system check
2020-08-31 18:00:00,0.0,0.0,42.62,52.12,42.05,239.95,0.0,0.0,Required,Clean panels
2020-09-01 06:00:00,8.85,40.69,38.66,42.73,0.41,249.88,0.04,21.75,Warning,Minor cleaning suggested
2020-09-01 09:00:00,108.46,502.68,31.63,53.68,64.96,232.09,0.47,21.58,Warning,Inspect inverter
2020-09-01 12:00:00,491.62,2078.42,41.84,43.69,83.31,242.58,2.03,23.65,Required,Clean panels
2020-09-01 15:00:00,101.96,471.9,28.22,26.46,2.26,213.9,0.48,21.61,Not Required,Normal operation
2020-09-01 18:00:00,6.09,31.39,27.77,34.72,54.99,235.32,0.03,19.4,Not Required,Normal operation
2020-09-02 06:00:00,0.0,0.0,31.77,38.95,19.41,246.79,0.0,0.0,Required,Clean panels
2020-09-02 09:00:00,147.78,843.02,42.88,33.99,74.32,216.18,0.68,17.53,Required,Check wiring
2020-09-02 12:00:00,469.25,2675.27,41.37,72.4,83.3,235.85,1.99,17.54,Required,Check wiring
2020-09-02 15:00:00,184.56,1035.32,33.95,25.04,58.93,242.28,0.76,17.83,Not Required,Normal operation
2020-09-02 18:00:00,0.0,0.0,41.01,78.43,58.29,218.84,0.0,0.0,Required,Cooling system check
2020-09-03 06:00:00,0.0,0.0,22.89,49.03,87.3,201.79,0.0,0.0,Required,Check wiring
2020-09-03 09:00:00,36.25,215.33,35.05,71.86,86.43,209.6,0.17,16.83,Required,Clean panels
2020-09-03 12:00:00,346.95,1928.1,37.43,44.07,23.9,244.97,1.42,17.99,Not Required,Normal operation
2020-09-03 15:00:00,248.46,1302.4,27.28,23.46,45.01,229.48,1.08,19.08,Not Required,Normal operation
2020-09-03 18:00:00,8.85,52.4,30.55,45.16,23.69,225.95,0.04,16.89,Not Required,Normal operation
2020-09-04 06:00:00,0.0,0.0,38.45,59.19,19.58,204.61,0.0,0.0,Required,Cooling system check
2020-09-04 09:00:00,114.02,458.54,43.91,21.39,24.51,208.94,0.55,24.87,Required,Check wiring
2020-09-04 12:00:00,325.59,1608.81,32.36,48.31,10.59,236.72,1.38,20.24,Not Required,Normal operation
2020-09-04 15:00:00,149.38,607.6,31.14,42.04,29.7,220.48,0.68,24.59,Not Required,Normal operation
2020-09-04 18:00:00,0.0,0.0,35.13,27.24,35.52,243.04,0.0,0.0,Required,Check wiring
2020-09-05 06:00:00,2.79,15.54,20.78,57.74,14.78,211.28,0.01,17.95,Not Required,Normal operation
2020-09-05 09:00:00,84.85,346.0,28.02,69.09,80.19,210.16,0.4,24.52,Required,Clean panels
2020-09-05 12:00:00,408.5,1917.7,22.02,74.5,40.64,216.3,1.89,21.3,Not Required,Normal operation
2020-09-05 15:00:00,219.48,1041.67,42.19,67.64,55.73,238.27,0.92,21.07,Required,Clean panels
2020-09-05 18:00:00,0.0,0.0,22.35,73.28,26.27,231.97,0.0,0.0,Required,Check wiring
2020-09-06 06:00:00,9.02,41.9,40.45,38.74,77.07,220.79,0.04,21.53,Warning,Inspect inverter
2020-09-06 09:00:00,128.32,708.39,27.8,49.1,62.73,249.22,0.51,18.11,Warning,Inspect inverter
2020-09-06 12:00:00,417.72,2288.23,32.11,42.55,45.38,234.63,1.78,18.26,Not Required,Normal operation
2020-09-06 15:00:00,235.19,1337.89,30.64,51.06,99.24,206.48,1.14,17.58,Required,Check wiring
2020-09-06 18:00:00,9.67,40.48,36.78,76.72,48.74,211.7,0.05,23.89,Not Required,Normal operation
2020-09-07 06:00:00,0.0,0.0,24.69,60.94,61.71,237.79,0.0,0.0,Required,Check wiring
2020-09-07 09:00:00,94.49,548.46,41.95,32.49,48.86,228.62,0.41,17.23,Warning,Check shading
2020-09-07 12:00:00,471.51,2348.47,38.14,73.46,89.53,228.88,2.06,20.08,Required,Check wiring
2020-09-07 15:00:00,165.42,757.12,37.53,46.97,59.23,207.52,0.8,21.85,Not Required,Normal operation
2020-09-07 18:00:00,2.36,10.98,27.58,61.66,30.23,215.77,0.01,21.49,Not Required,Normal operation
2020-09-08 06:00:00,5.7,29.27,35.05,73.46,71.19,238.02,0.02,19.47,Warning,Check shading
2020-09-08 09:00:00,150.18,779.06,39.92,33.8,7.18,227.85,0.66,19.28,Warning,Minor cleaning suggested
2020-09-08 12:00:00,279.34,1253.81,20.21,23.74,24.68,213.52,1.31,22.28,Not Required,Normal operation
2020-09-08 15:00:00,228.89,1150.4,37.23,24.67,73.71,237.41,0.96,19.9,Warning,Check shading
2020-09-08 18:00:00,0.0,0.0,27.65,24.76,11.25,232.01,0.0,0.0,Required,Clean panels
2020-09-09 06:00:00,8.88,52.83,31.05,37.01,71.17,223.24,0.04,16.81,Warning,Check shading
2020-09-09 09:00:00,31.41,137.1,31.43,41.23,87.85,231.25,0.14,22.91,Required,Clean panels
2020-09-09 12:00:00,294.83,1760.11,24.67,79.03,73.48,242.64,1.22,16.75,Warning,Minor cleaning suggested
2020-09-09 15:00:00,203.62,931.63,44.36,69.92,3.61,224.09,0.91,21.86,Required,Clean panels
2020-09-09 18:00:00,0.0,0.0,31.17,36.99,74.12,214.72,0.0,0.0,Required,Clean panels
2020-09-10 06:00:00,4.69,26.39,41.13,20.86,64.62,214.86,0.02,17.77,Warning,Minor cleaning suggested
2020-09-10 09:00:00,107.44,588.21,42.37,70.07,34.35,225.47,0.48,18.27,Required,Check wiring
2020-09-10 12:00:00,373.8,1564.63,28.99,64.26,17.62,233.95,1.6,23.89,Not Required,Normal operation
2020-09-10 15:00:00,232.6,1341.67,26.66,29.74,74.85,231.29,1.01,17.34,Warning,Check shading
2020-09-10 18:00:00,0.0,0.0,39.78,34.18,33.11,206.23,0.0,0.0,Required,Cooling system check
2020-09-11 06:00:00,0.0,0.0,35.6,27.98,30.5,207.97,0.0,0.0,Required,Cooling system check
2020-09-11 09:00:00,116.91,696.95,24.33,69.91,77.27,218.08,0.54,16.77,Warning,Minor cleaning suggested
2020-09-11 12:00:00,213.37,997.79,36.42,49.75,14.53,236.37,0.9,21.38,Not Required,Normal operation
2020-09-11 15:00:00,160.59,807.27,42.88,43.04,21.87,241.91,0.66,19.89,Required,Check wiring
2020-09-11 18:00:00,0.0,0.0,27.95,34.44,38.52,206.36,0.0,0.0,Required,Clean panels
2020-09-12 06:00:00,0.0,0.0,29.8,54.39,54.67,225.75,0.0,0.0,Required,Cooling system check
2020-09-12 09:00:00,138.9,712.13,42.42,46.13,16.23,223.2,0.62,19.5,Required,Cooling system check
2020-09-12 12:00:00,281.72,1563.0,26.36,60.34,73.66,211.34,1.33,18.02,Warning,Inspect inverter
2020-09-12 15:00:00,209.24,1130.2,35.82,47.88,38.0,242.4,0.86,18.51,Not Required,Normal operation
2020-09-12 18:00:00,9.86,47.46,29.49,73.46,69.75,224.8,0.04,20.78,Warning,Inspect inverter
2020-09-13 06:00:00,0.0,0.0,35.21,40.8,83.11,230.32,0.0,0.0,Required,Cooling system check
2020-09-13 09:00:00,76.31,310.11,23.32,57.34,88.24,203.97,0.37,24.61,Required,Cooling system check
2020-09-13 12:00:00,320.22,1651.1,29.01,68.05,94.88,240.86,1.33,19.39,Required,Clean panels
2020-09-13 15:00:00,213.63,868.58,40.15,29.68,35.31,240.97,0.89,24.6,Warning,Check shading
2020-09-13 18:00:00,0.0,0.0,34.85,79.57,14.98,204.05,0.0,0.0,Required,Check wiring
2020-09-14 06:00:00,0.0,0.0,42.4,74.41,94.37,238.08,0.0,0.0,Required,Check wiring
2020-09-14 09:00:00,28.12,127.68,37.15,72.51,80.04,221.65,0.13,22.02,Required,Cooling system check
2020-09-14 12:00:00,476.8,2856.01,26.74,36.25,25.45,240.93,1.98,16.69,Not Required,Normal operation
2020-09-14 15:00:00,224.79,1058.31,29.75,49.07,31.53,215.05,1.05,21.24,Not Required,Normal operation
2020-09-14 18:00:00,0.0,0.0,22.57,40.37,84.06,233.46,0.0,0.0,Required,Check wiring
2020-09-15 06:00:00,7.06,39.31,21.31,68.71,21.71,244.2,0.03,17.96,Not Required,Normal operation
2020-09-15 09:00:00,141.72,733.59,21.53,48.92,49.1,204.98,0.69,19.32,Not Required,Normal operation
2020-09-15 12:00:00,415.81,2099.27,37.96,50.16,14.73,237.12,1.75,19.81,Not Required,Normal operation
2020-09-15 15:00:00,236.25,1324.36,32.34,30.38,78.38,243.72,0.97,17.84,Warning,Minor cleaning suggested
2020-09-15 18:00:00,0.0,0.0,24.6,42.75,81.44,223.04,0.0,0.0,Required,Check wiring
2020-09-16 06:00:00,0.15,0.89,28.94,49.98,75.78,241.58,0.0,16.85,Warning,Inspect inverter
2020-09-16 09:00:00,123.57,570.25,40.58,50.83,88.11,201.14,0.61,21.67,Required,Clean panels
2020-09-16 12:00:00,482.55,2002.39,24.35,60.93,43.93,213.84,2.26,24.1,Not Required,Normal operation
2020-09-16 15:00:00,222.89,1303.7,21.49,74.84,54.38,248.47,0.9,17.1,Not Required,Normal operation
2020-09-16 18:00:00,7.49,40.98,22.95,23.81,53.51,205.86,0.04,18.28,Not Required,Normal operation
2020-09-17 06:00:00,0.0,0.0,44.89,32.84,56.49,221.86,0.0,0.0,Required,Check wiring
2020-09-17 09:00:00,92.49,404.6,21.34,68.06,9.86,200.52,0.46,22.86,Not Required,Normal operation
2020-09-17 12:00:00,498.73,2513.28,44.91,52.62,85.08,245.99,2.03,19.84,Required,Cooling system check
2020-09-17 15:00:00,244.27,1423.11,37.01,66.63,5.2,222.9,1.1,17.16,Not Required,Normal operation
2020-09-17 18:00:00,0.0,0.0,22.59,33.55,91.74,220.88,0.0,0.0,Required,Clean panels
2020-09-18 06:00:00,0.0,0.0,41.21,39.56,95.66,205.32,0.0,0.0,Required,Clean panels
2020-09-18 09:00:00,119.82,606.06,31.98,77.42,63.46,220.34,0.54,19.77,Warning,Check shading
2020-09-18 12:00:00,303.67,1319.02,25.26,69.06,20.28,244.17,1.24,23.02,Not Required,Normal operation
2020-09-18 15:00:00,229.54,1126.03,32.9,34.09,21.75,244.81,0.94,20.38,Not Required,Normal operation
2020-09-18 18:00:00,7.56,42.39,31.49,57.54,76.59,236.06,0.03,17.83,Warning,Check shading
2020-09-19 06:00:00,0.29,1.61,29.13,51.14,92.4,202.66,0.0,18.01,Required,Cooling system check
2020-09-19 09:00:00,75.88,434.33,29.6,77.77,34.41,239.27,0.32,17.47,Not Required,Normal operation
2020-09-19 12:00:00,207.03,871.02,22.78,43.2,4.89,212.64,0.97,23.77,Not Required,Normal operation
2020-09-19 15:00:00,151.46,838.75,34.44,64.91,11.21,246.1,0.62,18.06,Not Required,Normal operation
2020-09-19 18:00:00,0.0,0.0,43.29,24.55,19.28,214.05,0.0,0.0,Required,Check wiring
2020-09-20 06:00:00,6.15,30.11,39.45,77.9,90.05,239.82,0.03,20.43,Required,Check wiring
2020-09-20 09:00:00,67.9,353.59,35.63,26.42,26.31,238.35,0.28,19.2,Not Required,Normal operation
2020-09-20 12:00:00,406.62,1948.33,37.22,56.66,66.37,209.45,1.94,20.87,Warning,Minor cleaning suggested
2020-09-20 15:00:00,104.62,524.01,44.96,28.79,10.94,215.79,0.48,19.97,Required,Clean panels
2020-09-20 18:00:00,9.75,40.94,27.69,30.18,20.69,216.05,0.05,23.82,Not Required,Normal operation
2020-09-21 06:00:00,0.0,0.0,41.8,34.02,27.58,231.58,0.0,0.0,Required,Clean panels
2020-09-21 09:00:00,123.2,692.8,20.7,69.71,99.73,214.03,0.58,17.78,Required,Cooling system check
2020-09-21 12:00:00,490.98,2802.98,24.81,37.49,57.85,201.5,2.44,17.52,Not Required,Normal operation
2020-09-21 15:00:00,102.82,482.21,35.02,39.46,24.9,205.73,0.5,21.32,Not Required,Normal operation
2020-09-21 18:00:00,7.34,37.22,40.01,69.71,50.93,241.55,0.03,19.72,Warning,Check shading
2020-09-22 06:00:00,0.0,0.0,40.25,29.31,48.32,204.73,0.0,0.0,Required,Clean panels
2020-09-22 09:00:00,135.47,681.38,33.47,77.85,69.72,231.87,0.58,19.88,Warning,Inspect inverter
2020-09-22 12:00:00,226.95,1198.13,25.14,48.82,41.67,235.8,0.96,18.94,Not Required,Normal operation
2020-09-22 15:00:00,151.11,714.43,27.88,54.15,21.35,225.94,0.67,21.15,Not Required,Normal operation
2020-09-22 18:00:00,1.69,7.12,35.25,73.06,93.96,200.67,0.01,23.74,Required,Cooling system check
2020-09-23 06:00:00,2.58,14.9,27.82,58.81,39.08,226.53,0.01,17.32,Not Required,Normal operation
2020-09-23 09:00:00,70.93,377.31,33.81,68.95,95.74,205.12,0.35,18.8,Required,Cooling system check
2020-09-23 12:00:00,211.1,937.29,35.12,30.93,24.59,241.07,0.88,22.52,Not Required,Normal operation
2020-09-23 15:00:00,240.53,1011.15,38.85,28.39,57.96,235.68,1.02,23.79,Warning,Minor cleaning suggested
2020-09-23 18:00:00,1.94,10.11,43.37,68.38,63.55,240.57,0.01,19.19,Required,Check wiring
2020-09-24 06:00:00,0.0,0.0,32.29,30.74,85.99,236.28,0.0,0.0,Required,Cooling system check
2020-09-24 09:00:00,42.11,210.86,30.34,71.42,51.59,218.27,0.19,19.97,Not Required,Normal operation
2020-09-24 12:00:00,382.43,2220.96,27.04,55.41,60.63,202.04,1.89,17.22,Warning,Inspect inverter
2020-09-24 15:00:00,148.32,860.95,34.2,62.86,95.69,205.33,0.72,17.23,Required,Clean panels
2020-09-24 18:00:00,0.0,0.0,38.92,56.34,82.76,221.95,0.0,0.0,Required,Cooling system check
2020-09-25 06:00:00,0.42,2.35,25.48,38.24,25.42,204.85,0.0,17.87,Not Required,Normal operation
2020-09-25 09:00:00,54.13,252.88,35.08,47.42,68.95,218.15,0.25,21.41,Warning,Minor cleaning suggested
2020-09-25 12:00:00,325.66,1944.97,20.99,44.66,89.96,246.09,1.32,16.74,Required,Check wiring
2020-09-25 15:00:00,229.0,1149.12,25.22,79.29,88.35,231.73,0.99,19.93,Required,Cooling system check
2020-09-25 18:00:00,0.0,0.0,38.08,21.84,97.1,201.17,0.0,0.0,Required,Cooling system check
2020-09-26 06:00:00,0.0,0.0,35.1,29.06,32.81,209.39,0.0,0.0,Required,Check wiring
2020-09-26 09:00:00,58.9,236.89,36.25,65.74,62.11,229.85,0.26,24.86,Warning,Minor cleaning suggested
2020-09-26 12:00:00,386.3,2172.91,20.73,46.97,97.24,244.05,1.58,17.78,Required,Cooling system check
2020-09-26 15:00:00,128.13,706.1,24.62,54.53,8.27,231.51,0.55,18.15,Not Required,Normal operation
2020-09-26 18:00:00,4.81,24.81,44.47,59.67,40.91,229.03,0.02,19.39,Required,Check wiring
2020-09-27 06:00:00,7.29,38.79,27.75,37.77,92.63,214.27,0.03,18.79,Required,Cooling system check
2020-09-27 09:00:00,149.29,875.78,33.92,60.92,12.14,244.49,0.61,17.05,Not Required,Normal operation
2020-09-27 12:00:00,240.1,1316.38,38.87,70.26,81.29,249.54,0.96,18.24,Required,Cooling system check
2020-09-27 15:00:00,195.69,968.31,22.55,29.91,52.26,241.24,0.81,20.21,Not Required,Normal operation
2020-09-27 18:00:00,7.66,38.15,25.41,29.64,70.44,239.32,0.03,20.08,Warning,Check shading
2020-09-28 06:00:00,0.0,0.0,36.65,52.66,41.06,227.14,0.0,0.0,Required,Clean panels
2020-09-28 09:00:00,126.93,557.52,33.7,33.19,12.57,218.61,0.58,22.77,Not Required,Normal operation
2020-09-28 12:00:00,382.23,1959.58,32.07,75.39,23.35,247.64,1.54,19.51,Not Required,Normal operation
2020-09-28 15:00:00,213.44,1080.99,24.33,53.93,43.56,223.56,0.95,19.74,Not Required,Normal operation
2020-09-28 18:00:00,5.11,25.22,24.04,40.71,69.83,203.73,0.03,20.26,Warning,Minor cleaning suggested
2020-09-29 06:00:00,3.12,14.76,31.09,67.75,22.86,204.91,0.02,21.14,Not Required,Normal operation
2020-09-29 09:00:00,61.51,365.76,24.19,28.18,52.64,241.44,0.25,16.82,Not Required,Normal operation
2020-09-29 12:00:00,488.47,2394.85,29.08,43.58,51.72,229.1,2.13,20.4,Not Required,Normal operation
2020-09-29 15:00:00,120.21,673.61,29.86,30.1,13.19,220.6,0.54,17.85,Not Required,Normal operation
2020-09-29 18:00:00,9.91,56.04,27.72,70.11,87.71,230.08,0.04,17.68,Required,Cooling system check
2020-09-30 06:00:00,0.0,0.0,31.02,30.75,68.88,212.86,0.0,0.0,Required,Cooling system check
2020-09-30 09:00:00,64.92,310.09,39.38,25.12,78.77,209.82,0.31,20.94,Warning,Check shading
2020-09-30 12:00:00,491.76,2216.86,36.54,55.99,75.74,224.88,2.19,22.18,Warning,Inspect inverter
2020-09-30 15:00:00,105.31,539.5,32.71,33.79,16.35,245.43,0.43,19.52,Not Required,Normal operation
2020-09-30 18:00:00,8.79,46.46,29.33,77.33,40.04,216.41,0.04,18.92,Not Required,Normal operation
2020-10-01 06:00:00,0.0,0.0,27.16,79.49,82.93,244.08,0.0,0.0,Required,Clean panels
2020-10-01 09:00:00,59.45,280.42,41.15,64.7,15.8,232.88,0.26,21.2,Warning,Check shading
2020-10-01 12:00:00,344.37,2062.46,27.24,43.1,50.66,238.25,1.45,16.7,Not Required,Normal operation
2020-10-01 15:00:00,205.76,870.96,28.71,72.5,74.54,220.61,0.93,23.62,Warning,Minor cleaning suggested
2020-10-01 18:00:00,1.69,8.77,40.12,33.76,64.71,240.12,0.01,19.27,Warning,Check shading
2020-10-02 06:00:00,0.0,0.0,30.99,48.23,8.97,222.12,0.0,0.0,Required,Cooling system check
2020-10-02 09:00:00,57.17,288.54,41.42,76.9,85.97,224.96,0.25,19.81,Required,Clean panels
2020-10-02 12:00:00,314.7,1347.87,40.31,56.97,13.02,215.65,1.46,23.35,Warning,Minor cleaning suggested
2020-10-02 15:00:00,118.49,581.3,39.59,42.77,31.2,200.45,0.59,20.38,Warning,Inspect inverter
2020-10-02 18:00:00,3.08,18.42,31.96,33.81,16.08,229.26,0.01,16.72,Not Required,Normal operation
2020-10-03 06:00:00,3.41,19.83,44.49,48.37,61.01,241.39,0.01,17.2,Required,Check wiring
2020-10-03 09:00:00,35.39,165.94,21.13,76.05,38.33,220.3,0.16,21.33,Not Required,Normal operation
2020-10-03 12:00:00,208.78,1021.84,34.96,52.59,67.03,218.32,0.96,20.43,Warning,Minor cleaning suggested
2020-10-03 15:00:00,207.62,1074.29,28.33,31.2,28.0,239.88,0.87,19.33,Not Required,Normal operation
2020-10-03 18:00:00,0.0,0.0,20.95,25.89,13.19,248.76,0.0,0.0,Required,Cooling system check
2020-10-04 06:00:00,0.01,0.06,44.89,72.78,94.79,203.91,0.0,16.67,Required,Clean panels
2020-10-04 09:00:00,153.96,784.23,21.58,67.49,50.72,232.74,0.66,19.63,Not Required,Normal operation
2020-10-04 12:00:00,385.63,1784.22,35.3,21.08,18.56,242.19,1.59,21.61,Not Required,Normal operation
2020-10-04 15:00:00,189.1,783.54,38.13,55.39,45.29,201.68,0.94,24.13,Warning,Minor cleaning suggested
2020-10-04 18:00:00,0.78,3.88,34.37,61.7,34.44,245.22,0.0,20.1,Not Required,Normal operation
2020-10-05 06:00:00,0.0,0.0,22.61,40.53,74.17,230.12,0.0,0.0,Required,Cooling system check
2020-10-05 09:00:00,158.73,864.78,33.25,34.48,85.79,241.61,0.66,18.35,Required,Clean panels
2020-10-05 12:00:00,204.54,976.8,23.37,41.0,18.96,210.54,0.97,20.94,Not Required,Normal operation
2020-10-05 15:00:00,166.69,994.84,29.21,44.19,16.79,206.58,0.81,16.76,Not Required,Normal operation
2020-10-05 18:00:00,0.0,0.0,38.98,42.88,80.66,246.93,0.0,0.0,Required,Clean panels
2020-10-06 06:00:00,0.0,0.0,35.7,28.55,88.46,235.14,0.0,0.0,Required,Clean panels
2020-10-06 09:00:00,37.13,169.99,27.02,41.81,21.4,235.64,0.16,21.84,Not Required,Normal operation
2020-10-06 12:00:00,258.97,1342.74,42.16,77.11,68.87,239.75,1.08,19.29,Required,Check wiring
2020-10-06 15:00:00,129.96,596.28,44.75,29.66,74.72,238.67,0.54,21.8,Required,Clean panels
2020-10-06 18:00:00,0.0,0.0,20.59,69.45,30.36,236.22,0.0,0.0,Required,Check wiring
2020-10-07 06:00:00,0.0,0.0,42.79,70.69,48.82,230.41,0.0,0.0,Required,Clean panels
2020-10-07 09:00:00,98.95,469.92,39.87,48.09,66.42,203.55,0.49,21.06,Warning,Check shading
2020-10-07 12:00:00,234.3,1127.25,30.38,40.29,48.73,229.99,1.02,20.79,Not Required,Normal operation
2020-10-07 15:00:00,248.82,1291.48,29.25,62.68,34.45,233.33,1.07,19.27,Not Required,Normal operation
2020-10-07 18:00:00,0.0,0.0,40.62,69.26,39.13,232.81,0.0,0.0,Required,Clean panels
2020-10-08 06:00:00,3.08,17.86,27.19,57.68,72.89,209.06,0.01,17.25,Warning,Check shading
2020-10-08 09:00:00,71.87,344.98,44.2,21.51,96.07,224.0,0.32,20.83,Required,Check wiring
2020-10-08 12:00:00,222.36,969.32,24.21,67.81,46.26,249.8,0.89,22.94,Not Required,Normal operation
2020-10-08 15:00:00,161.25,920.52,24.77,44.56,32.85,217.51,0.74,17.52,Not Required,Normal operation
2020-10-08 18:00:00,6.19,36.45,30.39,68.4,92.97,232.69,0.03,16.98,Required,Check wiring
2020-10-09 06:00:00,6.66,35.38,28.79,25.19,35.5,208.73,0.03,18.82,Not Required,Normal operation
2020-10-09 09:00:00,52.97,313.89,27.03,72.27,49.72,238.89,0.22,16.88,Not Required,Normal operation
2020-10-09 12:00:00,358.88,1726.79,33.78,40.31,50.97,202.26,1.77,20.78,Not Required,Normal operation
2020-10-09 15:00:00,136.98,665.76,24.08,49.47,64.16,224.63,0.61,20.57,Warning,Check shading
2020-10-09 18:00:00,0.0,0.0,35.2,27.42,28.09,218.62,0.0,0.0,Required,Check wiring
2020-10-10 06:00:00,0.19,0.82,32.46,32.21,59.26,223.07,0.0,23.17,Not Required,Normal operation
2020-10-10 09:00:00,51.7,246.13,28.5,34.5,48.77,213.92,0.24,21.01,Not Required,Normal operation
2020-10-10 12:00:00,217.17,986.63,41.4,63.19,25.54,220.66,0.98,22.01,Warning,Minor cleaning suggested
2020-10-10 15:00:00,101.0,577.18,43.25,70.33,37.18,203.24,0.5,17.5,Required,Cooling system check
2020-10-10 18:00:00,0.0,0.0,24.7,54.64,76.98,229.34,0.0,0.0,Required,Cooling system check
2020-10-11 06:00:00,0.74,3.19,29.27,20.91,52.52,213.44,0.0,23.2,Not Required,Normal operation
2020-10-11 09:00:00,43.58,183.03,37.86,55.01,87.1,234.2,0.19,23.81,Required,Check wiring
2020-10-11 12:00:00,208.38,917.85,22.55,51.62,10.55,240.18,0.87,22.7,Not Required,Normal operation
2020-10-11 15:00:00,227.98,980.95,40.56,70.78,14.87,208.85,1.09,23.24,Warning,Inspect inverter
2020-10-11 18:00:00,7.89,32.2,31.28,73.24,19.56,203.86,0.04,24.5,Not Required,Normal operation
2020-10-12 06:00:00,0.0,0.0,34.37,62.47,39.91,221.15,0.0,0.0,Required,Clean panels
2020-10-12 09:00:00,117.69,590.33,31.39,24.04,90.68,213.4,0.55,19.94,Required,Cooling system check
2020-10-12 12:00:00,488.45,2724.82,26.43,72.01,21.35,233.85,2.09,17.93,Not Required,Normal operation
2020-10-12 15:00:00,132.8,580.16,34.3,73.06,83.58,206.13,0.64,22.89,Required,Cooling system check
2020-10-12 18:00:00,1.05,4.71,37.21,36.56,40.07,216.62,0.0,22.29,Not Required,Normal operation
2020-10-13 06:00:00,5.52,26.41,25.97,23.74,12.07,232.25,0.02,20.9,Not Required,Normal operation
2020-10-13 09:00:00,52.55,242.56,28.2,52.9,39.24,200.12,0.26,21.66,Not Required,Normal operation
2020-10-13 12:00:00,437.83,2308.85,35.32,33.98,29.77,221.16,1.98,18.96,Not Required,Normal operation
2020-10-13 15:00:00,197.25,858.67,38.04,28.4,17.61,222.74,0.89,22.97,Warning,Inspect inverter
2020-10-13 18:00:00,0.0,0.0,42.93,59.65,79.81,240.38,0.0,0.0,Required,Check wiring
2020-10-14 06:00:00,8.44,44.41,30.8,40.01,72.96,238.12,0.04,19.0,Warning,Minor cleaning suggested
2020-10-14 09:00:00,57.07,309.01,40.94,49.44,25.37,233.3,0.24,18.47,Warning,Inspect inverter
2020-10-14 12:00:00,325.46,1654.89,31.98,48.82,50.58,208.8,1.56,19.67,Not Required,Normal operation
2020-10-14 15:00:00,217.09,1131.3,29.03,43.84,88.82,200.5,1.08,19.19,Required,Cooling system check
2020-10-14 18:00:00,0.0,0.0,40.13,28.72,8.96,226.49,0.0,0.0,Required,Clean panels
2020-10-15 06:00:00,0.25,1.13,29.1,53.78,45.24,230.95,0.0,22.12,Not Required,Normal operation
2020-10-15 09:00:00,104.12,433.61,28.49,29.12,38.93,222.95,0.47,24.01,Not Required,Normal operation
2020-10-15 12:00:00,479.0,2149.46,38.73,26.46,43.33,206.97,2.31,22.28,Warning,Check shading
2020-10-15 15:00:00,138.71,669.49,24.71,46.02,42.87,227.07,0.61,20.72,Not Required,Normal operation
2020-10-15 18:00:00,0.0,0.0,31.72,47.9,68.97,236.59,0.0,0.0,Required,Cooling system check
2020-10-16 06:00:00,0.0,0.0,34.82,44.34,71.45,203.33,0.0,0.0,Required,Clean panels
2020-10-16 09:00:00,99.89,474.54,40.29,45.14,86.15,249.31,0.4,21.05,Required,Clean panels
2020-10-16 12:00:00,261.3,1539.95,43.26,76.67,23.66,213.98,1.22,16.97,Required,Clean panels
2020-10-16 15:00:00,228.47,946.23,36.17,58.72,66.73,227.42,1.0,24.15,Warning,Inspect inverter
2020-10-16 18:00:00,1.21,4.98,36.59,75.21,96.99,237.42,0.01,24.3,Required,Clean panels
2020-10-17 06:00:00,1.84,7.59,41.78,39.65,51.96,228.81,0.01,24.24,Warning,Check shading
2020-10-17 09:00:00,98.8,569.11,21.6,37.27,54.98,223.91,0.44,17.36,Not Required,Normal operation
2020-10-17 12:00:00,272.99,1404.17,36.24,68.49,66.95,247.82,1.1,19.44,Warning,Inspect inverter
2020-10-17 15:00:00,105.9,572.89,26.64,71.15,1.25,212.26,0.5,18.49,Not Required,Normal operation
2020-10-17 18:00:00,4.78,28.54,21.96,53.27,82.35,203.69,0.02,16.75,Required,Check wiring
2020-10-18 06:00:00,8.53,47.48,39.85,66.85,66.96,205.91,0.04,17.97,Warning,Check shading
2020-10-18 09:00:00,133.41,707.95,40.99,36.75,49.7,237.06,0.56,18.84,Warning,Check shading
2020-10-18 12:00:00,443.32,2135.73,22.18,69.87,34.5,220.63,2.01,20.76,Not Required,Normal operation
2020-10-18 15:00:00,210.11,1104.68,25.78,55.57,38.98,204.56,1.03,19.02,Not Required,Normal operation
2020-10-18 18:00:00,7.76,33.19,38.18,40.22,1.77,208.74,0.04,23.38,Warning,Inspect inverter
2020-10-19 06:00:00,0.0,0.0,28.62,25.19,80.5,237.4,0.0,0.0,Required,Check wiring
2020-10-19 09:00:00,157.16,674.2,25.97,22.11,41.22,209.27,0.75,23.31,Not Required,Normal operation
2020-10-19 12:00:00,443.13,2263.29,31.88,29.67,89.88,248.75,1.78,19.58,Required,Cooling system check
2020-10-19 15:00:00,184.45,1054.65,38.18,45.89,90.96,234.58,0.79,17.49,Required,Check wiring
2020-10-19 18:00:00,0.49,2.74,39.36,58.74,67.74,234.74,0.0,17.88,Warning,Inspect inverter
2020-10-20 06:00:00,0.0,0.0,32.95,25.29,19.2,248.99,0.0,0.0,Required,Clean panels
2020-10-20 09:00:00,98.65,485.19,25.98,71.72,25.88,233.28,0.42,20.33,Not Required,Normal operation
2020-10-20 12:00:00,258.17,1109.01,43.74,47.6,64.04,232.27,1.11,23.28,Required,Cooling system check
2020-10-20 15:00:00,169.46,770.12,31.31,52.37,18.88,247.04,0.69,22.0,Not Required,Normal operation
2020-10-20 18:00:00,8.53,35.51,29.1,53.33,6.12,226.97,0.04,24.02,Not Required,Normal operation
2020-10-21 06:00:00,0.0,0.0,25.45,23.96,39.6,228.55,0.0,0.0,Required,Cooling system check
2020-10-21 09:00:00,71.25,377.65,28.58,36.69,50.91,246.17,0.29,18.87,Not Required,Normal operation
2020-10-21 12:00:00,351.71,1612.77,33.9,34.6,19.1,236.38,1.49,21.81,Not Required,Normal operation
2020-10-21 15:00:00,135.89,615.27,22.21,38.53,36.06,229.0,0.59,22.09,Not Required,Normal operation
2020-10-21 18:00:00,0.0,0.0,39.88,68.89,92.34,223.04,0.0,0.0,Required,Cooling system check
2020-10-22 06:00:00,0.0,0.0,28.81,79.74,67.03,238.09,0.0,0.0,Required,Check wiring
2020-10-22 09:00:00,57.51,321.09,32.08,23.41,96.51,241.85,0.24,17.91,Required,Check wiring
2020-10-22 12:00:00,371.72,2059.64,33.25,64.8,29.12,242.98,1.53,18.05,Not Required,Normal operation
2020-10-22 15:00:00,248.03,1483.09,28.56,40.87,27.42,234.03,1.06,16.72,Not Required,Normal operation
2020-10-22 18:00:00,1.91,10.72,30.74,54.72,20.74,232.36,0.01,17.82,Not Required,Normal operation
2020-10-23 06:00:00,0.0,0.0,24.16,27.99,81.04,246.4,0.0,0.0,Required,Check wiring
2020-10-23 09:00:00,26.92,143.23,22.26,49.65,45.8,227.02,0.12,18.79,Not Required,Normal operation
2020-10-23 12:00:00,400.26,1749.6,37.9,46.34,7.38,221.88,1.8,22.88,Not Required,Normal operation
2020-10-23 15:00:00,228.41,1264.29,44.48,34.49,89.7,239.46,0.95,18.07,Required,Cooling system check
2020-10-23 18:00:00,7.12,34.41,41.02,67.0,86.0,213.54,0.03,20.69,Required,Clean panels
2020-10-24 06:00:00,3.22,19.08,34.41,28.89,56.26,223.58,0.01,16.88,Not Required,Normal operation
2020-10-24 09:00:00,52.38,211.1,25.88,78.73,60.57,244.08,0.21,24.81,Warning,Check shading
2020-10-24 12:00:00,420.91,1827.49,27.63,42.07,80.71,231.73,1.82,23.03,Required,Clean panels
2020-10-24 15:00:00,191.01,1076.72,43.25,35.92,73.85,203.39,0.94,17.74,Required,Cooling system check
2020-10-24 18:00:00,0.26,1.29,40.0,41.27,53.8,229.56,0.0,20.16,Warning,Inspect inverter
2020-10-25 06:00:00,0.0,0.0,33.54,35.08,75.94,202.79,0.0,0.0,Required,Check wiring
2020-10-25 09:00:00,40.78,198.32,22.25,47.97,38.65,249.17,0.16,20.56,Not Required,Normal operation
2020-10-25 12:00:00,246.46,1405.37,36.27,27.2,17.95,245.25,1.0,17.54,Not Required,Normal operation
2020-10-25 15:00:00,161.67,968.61,39.49,37.92,22.63,222.57,0.73,16.69,Warning,Minor cleaning suggested
2020-10-25 18:00:00,0.0,0.0,28.15,57.21,44.7,222.34,0.0,0.0,Required,Cooling system check
2020-10-26 06:00:00,1.41,8.22,21.89,67.0,97.59,233.16,0.01,17.15,Required,Clean panels
2020-10-26 09:00:00,117.01,528.37,34.79,74.22,57.44,227.4,0.51,22.15,Not Required,Normal operation
2020-10-26 12:00:00,453.01,2334.39,23.22,53.01,16.69,228.43,1.98,19.41,Not Required,Normal operation
2020-10-26 15:00:00,225.98,1103.91,32.64,74.38,45.7,235.61,0.96,20.47,Not Required,Normal operation
2020-10-26 18:00:00,6.73,30.9,38.82,23.75,32.88,230.12,0.03,21.78,Warning,Inspect inverter
2020-10-27 06:00:00,6.28,33.73,21.47,68.98,45.38,214.55,0.03,18.62,Not Required,Normal operation
2020-10-27 09:00:00,99.87,486.5,37.44,56.93,62.16,206.9,0.48,20.53,Warning,Check shading
2020-10-27 12:00:00,479.71,2679.94,24.47,28.07,55.45,228.49,2.1,17.9,Not Required,Normal operation
2020-10-27 15:00:00,211.75,1180.75,34.42,48.7,29.82,208.37,1.02,17.93,Not Required,Normal operation
2020-10-27 18:00:00,3.6,16.5,35.81,50.99,59.12,242.51,0.01,21.82,Not Required,Normal operation
2020-10-28 06:00:00,8.46,40.16,22.84,37.39,43.31,226.14,0.04,21.07,Not Required,Normal operation
2020-10-28 09:00:00,119.03,506.23,36.01,79.98,84.31,234.91,0.51,23.51,Required,Cooling system check
2020-10-28 12:00:00,377.48,1848.5,28.8,42.21,21.76,222.92,1.69,20.42,Not Required,Normal operation
2020-10-28 15:00:00,207.5,897.4,20.58,37.6,67.16,246.93,0.84,23.12,Warning,Inspect inverter
2020-10-28 18:00:00,0.72,4.07,26.03,53.0,18.22,239.03,0.0,17.69,Not Required,Normal operation
2020-10-29 06:00:00,5.04,21.25,42.69,70.82,64.08,231.04,0.02,23.72,Required,Cooling system check
2020-10-29 09:00:00,74.69,402.77,44.39,48.88,78.35,229.13,0.33,18.54,Required,Check wiring
2020-10-29 12:00:00,406.05,1917.02,23.7,59.68,13.62,239.65,1.69,21.18,Not Required,Normal operation
2020-10-29 15:00:00,106.01,499.65,23.29,26.57,15.35,210.73,0.5,21.22,Not Required,Normal operation
2020-10-29 18:00:00,0.13,0.71,37.87,75.9,20.68,246.19,0.0,18.31,Not Required,Normal operation
2020-10-30 06:00:00,7.93,40.65,26.27,70.9,67.1,245.39,0.03,19.51,Warning,Inspect inverter
2020-10-30 09:00:00,106.58,507.08,25.0,40.91,36.26,214.2,0.5,21.02,Not Required,Normal operation
2020-10-30 12:00:00,481.87,2628.15,30.71,56.52,93.67,249.48,1.93,18.33,Required,Check wiring
2020-10-30 15:00:00,103.32,541.66,42.63,34.66,66.72,217.37,0.48,19.07,Required,Cooling system check
2020-10-30 18:00:00,1.95,11.26,42.28,47.51,39.81,238.59,0.01,17.32,Required,Check wiring
2020-10-31 06:00:00,0.0,0.0,37.92,28.8,10.91,211.93,0.0,0.0,Required,Cooling system check
2020-10-31 09:00:00,95.43,487.11,38.84,56.28,30.77,248.1,0.38,19.59,Warning,Minor cleaning suggested
2020-10-31 12:00:00,336.51,1891.24,32.73,75.56,0.76,233.43,1.44,17.79,Not Required,Normal operation
2020-10-31 15:00:00,142.23,727.32,36.48,50.62,31.2,204.38,0.7,19.56,Not Required,Normal operation
2020-10-31 18:00:00,9.67,51.62,31.39,41.3,38.65,223.54,0.04,18.73,Not Required,Normal operation
2020-11-01 06:00:00,7.42,36.08,26.59,24.65,13.18,207.93,0.04,20.57,Not Required,Normal operation
2020-11-01 09:00:00,76.36,334.69,38.52,29.97,73.44,239.2,0.32,22.82,Warning,Inspect inverter
2020-11-01 12:00:00,294.15,1533.03,36.0,32.79,22.39,206.94,1.42,19.19,Not Required,Normal operation
2020-11-01 15:00:00,154.14,708.3,34.71,77.92,90.47,214.14,0.72,21.76,Required,Cooling system check
2020-11-01 18:00:00,0.0,0.0,33.32,73.96,19.56,226.56,0.0,0.0,Required,Clean panels
2020-11-02 06:00:00,0.0,0.0,35.3,55.41,1.54,223.71,0.0,0.0,Required,Check wiring
2020-11-02 09:00:00,38.32,199.7,39.56,23.57,92.65,233.86,0.16,19.19,Required,Clean panels
2020-11-02 12:00:00,322.74,1703.02,29.35,36.93,24.72,209.77,1.54,18.95,Not Required,Normal operation
2020-11-02 15:00:00,216.48,1090.93,44.15,40.8,7.36,236.36,0.92,19.84,Required,Clean panels
2020-11-02 18:00:00,5.32,25.01,27.07,73.9,37.09,214.09,0.02,21.27,Not Required,Normal operation
2020-11-03 06:00:00,0.0,0.0,22.16,26.29,12.99,246.59,0.0,0.0,Required,Cooling system check
2020-11-03 09:00:00,121.83,681.29,26.71,44.89,85.19,248.48,0.49,17.88,Required,Clean panels
2020-11-03 12:00:00,374.74,1917.08,27.17,55.57,79.53,236.16,1.59,19.55,Warning,Check shading
2020-11-03 15:00:00,180.24,976.45,37.75,71.65,69.17,245.57,0.73,18.46,Warning,Check shading
2020-11-03 18:00:00,0.0,0.0,43.4,43.04,60.27,236.73,0.0,0.0,Required,Cooling system check
2020-11-04 06:00:00,0.0,0.0,35.15,52.8,33.2,247.34,0.0,0.0,Required,Clean panels
2020-11-04 09:00:00,20.4,112.21,29.09,56.34,30.52,209.78,0.1,18.18,Not Required,Normal operation
2020-11-04 12:00:00,444.24,2121.99,30.94,22.26,96.68,233.57,1.9,20.94,Required,Cooling system check
2020-11-04 15:00:00,122.82,681.38,26.61,49.81,29.94,218.23,0.56,18.03,Not Required,Normal operation
2020-11-04 18:00:00,6.79,34.83,37.04,27.79,83.24,222.66,0.03,19.49,Required,Clean panels
2020-11-05 06:00:00,3.91,16.38,43.8,54.36,13.93,241.23,0.02,23.87,Required,Cooling system check
2020-11-05 09:00:00,102.31,534.5,43.75,54.81,93.29,222.1,0.46,19.14,Required,Check wiring
2020-11-05 12:00:00,372.82,1902.47,44.14,28.31,19.04,202.8,1.84,19.6,Required,Clean panels
2020-11-05 15:00:00,180.96,1053.14,22.88,31.13,98.97,244.5,0.74,17.18,Required,Cooling system check
2020-11-05 18:00:00,0.0,0.0,43.75,76.63,91.88,208.08,0.0,0.0,Required,Cooling system check
2020-11-06 06:00:00,0.0,0.0,22.28,63.58,95.17,249.58,0.0,0.0,Required,Check wiring
2020-11-06 09:00:00,143.45,742.09,32.39,45.01,49.16,228.91,0.63,19.33,Not Required,Normal operation
2020-11-06 12:00:00,437.28,2336.23,41.17,57.65,13.46,243.67,1.79,18.72,Warning,Minor cleaning suggested
2020-11-06 15:00:00,126.73,662.33,30.9,71.0,35.42,245.83,0.52,19.13,Not Required,Normal operation
2020-11-06 18:00:00,0.0,0.0,27.23,77.23,35.09,206.17,0.0,0.0,Required,Clean panels
2020-11-07 06:00:00,2.1,9.49,21.83,53.51,40.68,223.9,0.01,22.13,Not Required,Normal operation
2020-11-07 09:00:00,36.27,152.38,29.16,55.82,35.08,205.96,0.18,23.8,Not Required,Normal operation
2020-11-07 12:00:00,460.87,2002.45,42.21,36.88,85.09,220.44,2.09,23.02,Required,Clean panels
2020-11-07 15:00:00,186.15,872.76,28.41,69.01,48.7,223.16,0.83,21.33,Not Required,Normal operation
2020-11-07 18:00:00,0.0,0.0,26.0,22.7,30.6,248.0,0.0,0.0,Required,Check wiring
2020-11-08 06:00:00,4.41,22.23,40.92,29.78,63.34,218.26,0.02,19.84,Warning,Check shading
2020-11-08 09:00:00,109.94,526.62,20.03,64.45,69.32,239.76,0.46,20.88,Warning,Minor cleaning suggested
2020-11-08 12:00:00,493.97,2458.86,37.09,27.24,52.48,249.98,1.98,20.09,Not Required,Normal operation
2020-11-08 15:00:00,109.31,510.33,24.1,76.4,18.67,243.95,0.45,21.42,Not Required,Normal operation
2020-11-08 18:00:00,0.0,0.0,26.43,44.47,75.25,202.35,0.0,0.0,Required,Cooling system check
2020-11-09 06:00:00,0.0,0.0,37.17,58.01,44.76,220.21,0.0,0.0,Required,Check wiring
2020-11-09 09:00:00,49.69,286.16,40.84,37.97,59.78,200.97,0.25,17.36,Warning,Inspect inverter
2020-11-09 12:00:00,231.42,1211.03,38.38,37.31,78.68,243.86,0.95,19.11,Warning,Check shading
2020-11-09 15:00:00,249.68,1476.89,25.48,74.3,6.5,208.91,1.2,16.91,Not Required,Normal operation
2020-11-09 18:00:00,0.0,0.0,30.81,45.93,66.06,212.75,0.0,0.0,Required,Cooling system check
2020-11-10 06:00:00,0.14,0.65,34.51,68.26,69.79,211.84,0.0,21.54,Warning,Inspect inverter
2020-11-10 09:00:00,29.99,139.47,41.2,36.93,84.8,219.08,0.14,21.5,Required,Check wiring
2020-11-10 12:00:00,227.94,1176.55,33.93,34.6,85.47,245.73,0.93,19.37,Required,Cooling system check
2020-11-10 15:00:00,96.65,544.16,29.23,36.23,52.67,248.21,0.39,17.76,Not Required,Normal operation
2020-11-10 18:00:00,0.0,0.0,38.22,50.19,65.33,218.71,0.0,0.0,Required,Cooling system check
2020-11-11 06:00:00,3.91,18.2,27.77,50.57,20.85,233.82,0.02,21.48,Not Required,Normal operation
2020-11-11 09:00:00,137.37,700.46,21.08,45.56,24.19,238.13,0.58,19.61,Not Required,Normal operation
2020-11-11 12:00:00,195.73,979.17,43.86,46.69,52.94,203.27,0.96,19.99,Required,Clean panels
2020-11-11 15:00:00,150.69,609.44,37.46,22.41,97.79,218.68,0.69,24.73,Required,Check wiring
2020-11-11 18:00:00,9.14,38.86,30.4,61.28,70.28,213.83,0.04,23.52,Warning,Check shading
2020-11-12 06:00:00,0.0,0.0,24.51,38.57,49.6,237.3,0.0,0.0,Required,Cooling system check
2020-11-12 09:00:00,148.43,656.34,40.28,77.88,80.47,222.77,0.67,22.61,Required,Cooling system check
2020-11-12 12:00:00,266.69,1256.03,39.55,24.05,46.1,205.54,1.3,21.23,Warning,Minor cleaning suggested
2020-11-12 15:00:00,110.73,624.61,35.33,77.58,30.44,209.27,0.53,17.73,Not Required,Normal operation
2020-11-12 18:00:00,0.0,0.0,30.51,70.29,12.45,202.98,0.0,0.0,Required,Check wiring
2020-11-13 06:00:00,0.0,0.0,32.51,78.14,99.08,228.38,0.0,0.0,Required,Check wiring
2020-11-13 09:00:00,35.31,186.12,28.4,38.61,69.98,212.53,0.17,18.97,Warning,Check shading
2020-11-13 12:00:00,318.01,1566.23,37.01,72.02,94.2,220.77,1.44,20.3,Required,Cooling system check
2020-11-13 15:00:00,139.03,752.32,24.43,28.2,93.57,235.43,0.59,18.48,Required,Clean panels
2020-11-13 18:00:00,8.92,50.04,40.18,53.89,95.74,223.95,0.04,17.83,Required,Check wiring
2020-11-14 06:00:00,0.0,0.0,32.19,49.31,41.1,234.24,0.0,0.0,Required,Clean panels
2020-11-14 09:00:00,98.03,439.75,36.92,30.31,25.86,205.58,0.48,22.29,Not Required,Normal operation
2020-11-14 12:00:00,462.91,2004.87,32.85,51.8,77.4,243.8,1.9,23.09,Warning,Check shading
2020-11-14 15:00:00,180.86,1069.76,22.45,43.71,8.32,224.66,0.81,16.91,Not Required,Normal operation
2020-11-14 18:00:00,0.0,0.0,28.33,40.07,21.65,225.77,0.0,0.0,Required,Clean panels
2020-11-15 06:00:00,0.0,0.0,22.5,21.3,63.91,227.85,0.0,0.0,Required,Clean panels
2020-11-15 09:00:00,71.83,429.96,44.81,77.49,74.31,240.15,0.3,16.71,Required,Check wiring
2020-11-15 12:00:00,445.72,2515.79,41.28,48.21,12.89,235.54,1.89,17.72,Warning,Check shading
2020-11-15 15:00:00,150.14,873.31,38.99,45.55,67.26,221.82,0.68,17.19,Warning,Inspect inverter
2020-11-15 18:00:00,1.49,8.46,21.96,48.23,60.3,243.88,0.01,17.61,Warning,Check shading
2020-11-16 06:00:00,0.0,0.0,33.99,71.14,25.26,211.71,0.0,0.0,Required,Check wiring
2020-11-16 09:00:00,56.44,231.93,20.0,79.11,0.84,223.7,0.25,24.33,Not Required,Normal operation
2020-11-16 12:00:00,489.6,2679.16,38.37,74.66,62.33,246.11,1.99,18.27,Warning,Inspect inverter
2020-11-16 15:00:00,218.24,1230.84,41.63,31.23,10.36,231.85,0.94,17.73,Warning,Minor cleaning suggested
2020-11-16 18:00:00,0.0,0.0,44.93,45.67,95.28,239.64,0.0,0.0,Required,Check wiring
2020-11-17 06:00:00,3.61,17.29,27.5,50.93,56.83,207.93,0.02,20.88,Not Required,Normal operation
2020-11-17 09:00:00,143.6,713.54,21.66,68.28,80.87,225.48,0.64,20.13,Required,Clean panels
2020-11-17 12:00:00,367.62,1495.59,38.18,34.53,24.24,225.55,1.63,24.58,Warning,Minor cleaning suggested
2020-11-17 15:00:00,206.12,864.97,39.47,25.65,84.02,206.77,1.0,23.83,Required,Check wiring
2020-11-17 18:00:00,1.96,8.07,23.78,59.77,57.63,206.91,0.01,24.29,Not Required,Normal operation
2020-11-18 06:00:00,0.0,0.0,44.51,66.66,38.37,223.35,0.0,0.0,Required,Clean panels
2020-11-18 09:00:00,79.74,345.46,34.42,55.41,55.01,212.46,0.38,23.08,Not Required,Normal operation
2020-11-18 12:00:00,304.35,1788.68,36.42,40.29,65.0,245.76,1.24,17.02,Warning,Minor cleaning suggested
2020-11-18 15:00:00,219.49,1217.95,32.46,74.8,55.73,223.1,0.98,18.02,Not Required,Normal operation
2020-11-18 18:00:00,0.0,0.0,42.02,57.6,51.72,248.91,0.0,0.0,Required,Clean panels
2020-11-19 06:00:00,0.0,0.0,26.06,38.98,43.96,242.66,0.0,0.0,Required,Check wiring
2020-11-19 09:00:00,139.45,637.99,34.58,55.35,60.53,220.51,0.63,21.86,Warning,Minor cleaning suggested
2020-11-19 12:00:00,411.54,2417.24,38.67,73.43,28.76,225.62,1.82,17.03,Warning,Check shading
2020-11-19 15:00:00,259.67,1206.56,42.07,75.38,18.43,220.03,1.18,21.52,Required,Check wiring
2020-11-19 18:00:00,8.12,34.82,21.26,77.69,6.51,243.63,0.03,23.32,Not Required,Normal operation
2020-11-20 06:00:00,0.0,0.0,35.12,69.89,62.54,223.94,0.0,0.0,Required,Check wiring
2020-11-20 09:00:00,97.68,392.8,32.8,22.76,89.03,244.57,0.4,24.87,Required,Clean panels
2020-11-20 12:00:00,257.61,1246.86,44.51,27.69,71.77,204.19,1.26,20.66,Required,Cooling system check
2020-11-20 15:00:00,151.49,782.46,25.49,32.85,26.01,247.26,0.61,19.36,Not Required,Normal operation
2020-11-20 18:00:00,6.24,26.52,20.54,21.02,92.96,249.27,0.03,23.53,Required,Clean panels
2020-11-21 06:00:00,3.4,16.58,40.72,20.17,75.4,248.32,0.01,20.51,Warning,Check shading
2020-11-21 09:00:00,108.03,467.22,22.62,52.79,24.52,238.69,0.45,23.12,Not Required,Normal operation
2020-11-21 12:00:00,233.45,1187.25,33.28,66.0,55.49,246.19,0.95,19.66,Not Required,Normal operation
2020-11-21 15:00:00,184.71,957.19,28.0,38.15,88.01,203.7,0.91,19.3,Required,Cooling system check
2020-11-21 18:00:00,4.69,19.44,23.14,36.31,46.92,217.21,0.02,24.13,Not Required,Normal operation
2020-11-22 06:00:00,1.13,5.51,25.13,59.18,26.57,215.41,0.01,20.51,Not Required,Normal operation
2020-11-22 09:00:00,91.79,373.48,36.89,42.8,63.46,214.43,0.43,24.58,Warning,Check shading
2020-11-22 12:00:00,477.05,2630.05,39.76,38.72,30.73,214.93,2.22,18.14,Warning,Check shading
2020-11-22 15:00:00,102.75,615.37,40.33,70.3,99.42,219.6,0.47,16.7,Required,Clean panels
2020-11-22 18:00:00,8.99,51.05,26.21,72.83,24.8,247.26,0.04,17.61,Not Required,Normal operation
2020-11-23 06:00:00,3.32,19.01,29.81,67.71,95.71,230.58,0.01,17.46,Required,Check wiring
2020-11-23 09:00:00,102.99,445.72,23.64,62.53,83.83,245.47,0.42,23.11,Required,Cooling system check
2020-11-23 12:00:00,222.87,957.79,40.33,54.06,88.32,202.55,1.1,23.27,Required,Cooling system check
2020-11-23 15:00:00,168.52,978.83,32.57,78.41,27.81,227.73,0.74,17.22,Not Required,Normal operation
2020-11-23 18:00:00,0.28,1.66,24.4,31.77,25.09,239.16,0.0,16.87,Not Required,Normal operation
2020-11-24 06:00:00,6.85,31.45,33.74,74.98,67.31,204.39,0.03,21.78,Warning,Check shading
2020-11-24 09:00:00,100.72,543.31,40.37,51.53,84.6,224.59,0.45,18.54,Required,Check wiring
2020-11-24 12:00:00,334.57,1836.44,20.77,21.62,61.56,211.27,1.58,18.22,Warning,Inspect inverter
2020-11-24 15:00:00,206.27,1114.55,22.03,78.61,95.18,206.08,1.0,18.51,Required,Check wiring
2020-11-24 18:00:00,3.95,21.48,42.5,63.34,4.76,239.68,0.02,18.39,Required,Check wiring
2020-11-25 06:00:00,5.1,29.02,43.09,39.42,55.31,245.68,0.02,17.57,Required,Clean panels
2020-11-25 09:00:00,151.53,624.71,29.6,79.67,68.21,205.5,0.74,24.26,Warning,Check shading
2020-11-25 12:00:00,366.86,2127.8,41.63,62.11,18.93,245.73,1.49,17.24,Warning,Minor cleaning suggested
2020-11-25 15:00:00,244.2,1418.69,27.04,31.07,74.05,236.86,1.03,17.21,Warning,Minor cleaning suggested
2020-11-25 18:00:00,0.0,0.0,39.42,79.64,29.33,231.94,0.0,0.0,Required,Cooling system check
2020-11-26 06:00:00,0.34,1.64,43.23,52.74,35.81,224.95,0.0,20.73,Required,Check wiring
2020-11-26 09:00:00,138.35,767.95,27.48,33.08,31.82,204.43,0.68,18.02,Not Required,Normal operation
2020-11-26 12:00:00,452.66,2523.27,20.43,42.59,90.01,207.84,2.18,17.94,Required,Cooling system check
2020-11-26 15:00:00,201.53,1063.55,20.86,76.81,67.42,202.77,0.99,18.95,Warning,Check shading
2020-11-26 18:00:00,0.0,0.0,33.05,23.96,43.43,221.87,0.0,0.0,Required,Check wiring
2020-11-27 06:00:00,8.1,40.94,27.61,68.82,7.57,218.86,0.04,19.79,Not Required,Normal operation
2020-11-27 09:00:00,112.28,493.97,24.09,47.15,82.59,222.79,0.5,22.73,Required,Clean panels
2020-11-27 12:00:00,324.68,1595.05,32.15,25.15,11.2,226.55,1.43,20.36,Not Required,Normal operation
2020-11-27 15:00:00,132.18,613.47,28.57,69.81,85.68,209.33,0.63,21.55,Required,Clean panels
2020-11-27 18:00:00,0.0,0.0,26.58,57.96,41.44,222.22,0.0,0.0,Required,Cooling system check
2020-11-28 06:00:00,0.0,0.0,23.51,30.13,55.1,224.31,0.0,0.0,Required,Clean panels
2020-11-28 09:00:00,34.84,152.21,33.18,29.86,67.71,224.41,0.16,22.89,Warning,Check shading
2020-11-28 12:00:00,245.65,1254.01,30.03,41.34,69.21,246.12,1.0,19.59,Warning,Check shading
2020-11-28 15:00:00,140.95,639.05,31.13,66.2,63.73,217.74,0.65,22.06,Warning,Inspect inverter
2020-11-28 18:00:00,0.0,0.0,38.32,47.35,46.53,202.51,0.0,0.0,Required,Check wiring
2020-11-29 06:00:00,5.65,22.81,23.0,27.67,56.8,211.29,0.03,24.77,Not Required,Normal operation
2020-11-29 09:00:00,71.88,288.61,43.98,44.23,99.3,225.86,0.32,24.91,Required,Check wiring
2020-11-29 12:00:00,400.77,2397.32,23.05,77.54,91.93,238.09,1.68,16.72,Required,Check wiring
2020-11-29 15:00:00,130.83,723.4,40.28,61.51,40.24,214.09,0.61,18.09,Warning,Inspect inverter
2020-11-29 18:00:00,6.86,39.56,26.57,51.02,20.48,244.45,0.03,17.34,Not Required,Normal operation
2020-11-30 06:00:00,0.0,0.0,31.56,52.67,17.72,236.92,0.0,0.0,Required,Clean panels
2020-11-30 09:00:00,113.0,522.57,26.25,46.55,44.76,233.33,0.48,21.62,Not Required,Normal operation
2020-11-30 12:00:00,204.05,1154.31,25.76,72.98,97.23,228.93,0.89,17.68,Required,Cooling system check
2020-11-30 15:00:00,169.86,707.21,26.87,36.93,92.57,221.82,0.77,24.02,Required,Clean panels
2020-11-30 18:00:00,0.0,0.0,35.79,50.85,72.75,231.08,0.0,0.0,Required,Cooling system check
2020-12-01 06:00:00,6.41,27.15,36.11,31.56,78.81,225.36,0.03,23.61,Warning,Inspect inverter
2020-12-01 09:00:00,79.39,368.16,42.32,67.97,17.0,231.14,0.34,21.56,Required,Cooling system check
2020-12-01 12:00:00,361.21,1690.11,34.29,41.77,93.57,229.53,1.57,21.37,Required,Check wiring
2020-12-01 15:00:00,197.75,1056.31,20.33,57.98,66.52,229.25,0.86,18.72,Warning,Check shading
2020-12-01 18:00:00,0.0,0.0,28.36,66.33,14.46,222.24,0.0,0.0,Required,Check wiring
2020-12-02 06:00:00,2.71,11.79,23.16,62.35,61.0,202.5,0.01,22.99,Warning,Check shading
2020-12-02 09:00:00,140.31,588.76,40.96,57.31,7.61,213.78,0.66,23.83,Warning,Inspect inverter
2020-12-02 12:00:00,407.54,2274.4,36.6,64.25,34.51,212.19,1.92,17.92,Not Required,Normal operation
2020-12-02 15:00:00,218.47,880.28,20.95,21.51,24.37,235.08,0.93,24.82,Not Required,Normal operation
2020-12-02 18:00:00,8.13,38.55,31.48,50.79,43.28,221.0,0.04,21.09,Not Required,Normal operation
2020-12-03 06:00:00,1.93,10.86,43.33,51.56,23.71,219.18,0.01,17.77,Required,Cooling system check
2020-12-03 09:00:00,64.04,307.68,22.64,45.85,58.74,210.98,0.3,20.81,Not Required,Normal operation
2020-12-03 12:00:00,436.96,1935.88,35.86,62.64,55.88,238.24,1.83,22.57,Not Required,Normal operation
2020-12-03 15:00:00,165.87,925.35,34.73,31.4,2.58,204.63,0.81,17.93,Not Required,Normal operation
2020-12-03 18:00:00,0.0,0.0,20.77,52.28,88.26,233.42,0.0,0.0,Required,Check wiring
2020-12-04 06:00:00,0.0,0.0,24.98,64.34,81.42,216.9,0.0,0.0,Required,Cooling system check
2020-12-04 09:00:00,55.28,291.79,33.91,70.23,50.65,225.71,0.24,18.95,Not Required,Normal operation
2020-12-04 12:00:00,409.83,2303.53,32.31,41.39,85.64,213.74,1.92,17.79,Required,Check wiring
2020-12-04 15:00:00,209.88,973.88,24.21,38.51,3.73,241.05,0.87,21.55,Not Required,Normal operation
2020-12-04 18:00:00,2.72,15.89,35.22,65.64,1.62,246.8,0.01,17.12,Not Required,Normal operation
2020-12-05 06:00:00,0.0,0.0,44.62,29.69,77.43,241.79,0.0,0.0,Required,Check wiring
2020-12-05 09:00:00,49.05,274.0,20.2,70.04,64.01,218.89,0.22,17.9,Warning,Check shading
2020-12-05 12:00:00,336.09,1995.78,34.83,30.88,44.4,204.2,1.65,16.84,Not Required,Normal operation
2020-12-05 15:00:00,221.9,1311.28,39.76,75.33,5.18,212.35,1.04,16.92,Warning,Check shading
2020-12-05 18:00:00,8.15,48.77,24.98,38.51,75.36,225.38,0.04,16.71,Warning,Check shading
2020-12-06 06:00:00,6.09,36.27,23.8,62.55,61.39,238.97,0.03,16.79,Warning,Inspect inverter
2020-12-06 09:00:00,129.72,544.75,23.72,55.95,19.85,248.74,0.52,23.81,Not Required,Normal operation
2020-12-06 12:00:00,285.65,1681.24,29.69,74.93,7.0,209.13,1.37,16.99,Not Required,Normal operation
2020-12-06 15:00:00,222.4,1034.43,34.96,42.89,16.49,218.03,1.02,21.5,Not Required,Normal operation
2020-12-06 18:00:00,0.0,0.0,42.26,66.56,11.13,230.14,0.0,0.0,Required,Cooling system check
2020-12-07 06:00:00,3.72,21.54,44.03,61.38,23.64,248.49,0.01,17.27,Required,Cooling system check
2020-12-07 09:00:00,41.41,171.08,30.92,53.83,27.75,248.73,0.17,24.21,Not Required,Normal operation
2020-12-07 12:00:00,321.16,1541.28,30.88,75.07,26.38,226.06,1.42,20.84,Not Required,Normal operation
2020-12-07 15:00:00,225.93,951.4,32.63,22.05,99.41,234.42,0.96,23.75,Required,Cooling system check
2020-12-07 18:00:00,8.44,47.35,24.7,60.96,41.09,209.72,0.04,17.82,Not Required,Normal operation
2020-12-08 06:00:00,9.97,49.58,20.93,61.95,38.82,206.8,0.05,20.11,Not Required,Normal operation
2020-12-08 09:00:00,29.22,159.64,39.89,75.63,75.38,202.17,0.14,18.3,Warning,Check shading
2020-12-08 12:00:00,300.3,1681.98,29.58,43.98,6.43,221.81,1.35,17.85,Not Required,Normal operation
2020-12-08 15:00:00,207.72,1083.6,31.32,58.84,90.9,245.88,0.84,19.17,Required,Clean panels
2020-12-08 18:00:00,4.05,23.82,36.71,61.37,15.39,230.84,0.02,17.0,Not Required,Normal operation
2020-12-09 06:00:00,0.0,0.0,26.38,42.75,92.23,237.41,0.0,0.0,Required,Cooling system check
2020-12-09 09:00:00,124.25,605.42,44.0,68.67,39.9,227.99,0.54,20.52,Required,Cooling system check
2020-12-09 12:00:00,347.71,1931.41,43.97,31.56,19.37,206.36,1.68,18.0,Required,Clean panels
2020-12-09 15:00:00,130.62,569.75,31.32,74.71,49.67,246.21,0.53,22.93,Not Required,Normal operation
2020-12-09 18:00:00,0.0,0.0,22.44,25.42,20.28,206.66,0.0,0.0,Required,Check wiring
2020-12-10 06:00:00,0.0,0.0,38.41,73.78,12.24,236.02,0.0,0.0,Required,Cooling system check
2020-12-10 09:00:00,146.61,722.04,44.11,43.02,70.97,248.97,0.59,20.3,Required,Check wiring
2020-12-10 12:00:00,473.14,2736.67,38.07,60.2,78.19,217.07,2.18,17.29,Warning,Inspect inverter
2020-12-10 15:00:00,224.1,1245.5,29.99,66.6,6.41,212.74,1.05,17.99,Not Required,Normal operation
2020-12-10 18:00:00,0.0,0.0,30.95,35.24,20.79,229.76,0.0,0.0,Required,Clean panels
2020-12-11 06:00:00,0.0,0.0,41.54,33.37,18.18,245.56,0.0,0.0,Required,Cooling system check
2020-12-11 09:00:00,76.22,351.08,24.75,55.04,54.06,242.81,0.31,21.71,Not Required,Normal operation
2020-12-11 12:00:00,390.92,2291.89,41.27,36.31,57.07,244.89,1.6,17.06,Warning,Minor cleaning suggested
2020-12-11 15:00:00,115.53,469.67,38.39,39.44,60.46,202.03,0.57,24.6,Warning,Minor cleaning suggested
2020-12-11 18:00:00,7.5,38.63,22.73,48.28,4.52,226.1,0.03,19.41,Not Required,Normal operation
2020-12-12 06:00:00,0.0,0.0,33.71,55.42,43.79,234.01,0.0,0.0,Required,Cooling system check
2020-12-12 09:00:00,90.73,515.63,32.76,23.38,54.62,239.98,0.38,17.6,Not Required,Normal operation
2020-12-12 12:00:00,494.2,2740.95,39.77,76.87,33.39,210.83,2.34,18.03,Warning,Inspect inverter
2020-12-12 15:00:00,225.35,1346.44,39.86,60.41,64.47,210.37,1.07,16.74,Warning,Inspect inverter
2020-12-12 18:00:00,7.48,36.74,25.97,33.64,55.88,233.72,0.03,20.36,Not Required,Normal operation
2020-12-13 06:00:00,0.9,3.81,22.84,52.27,45.12,224.73,0.0,23.62,Not Required,Normal operation
2020-12-13 09:00:00,127.08,631.65,30.61,79.88,9.43,206.53,0.62,20.12,Not Required,Normal operation
2020-12-13 12:00:00,274.12,1419.79,43.75,32.83,16.06,212.25,1.29,19.31,Required,Clean panels
2020-12-13 15:00:00,205.61,1087.67,20.95,20.56,53.54,243.42,0.84,18.9,Not Required,Normal operation
2020-12-13 18:00:00,7.07,40.78,29.43,37.56,95.6,206.56,0.03,17.34,Required,Clean panels
2020-12-14 06:00:00,0.0,0.0,43.12,64.52,5.03,229.58,0.0,0.0,Required,Clean panels
2020-12-14 09:00:00,140.47,718.86,31.14,58.65,46.5,223.49,0.63,19.54,Not Required,Normal operation
2020-12-14 12:00:00,244.4,1064.23,32.3,46.46,63.23,236.54,1.03,22.96,Warning,Inspect inverter
2020-12-14 15:00:00,149.6,676.22,31.23,63.94,99.84,232.26,0.64,22.12,Required,Check wiring
2020-12-14 18:00:00,0.0,0.0,42.06,76.03,20.04,226.15,0.0,0.0,Required,Cooling system check
2020-12-15 06:00:00,0.0,0.0,35.36,51.15,82.81,233.7,0.0,0.0,Required,Cooling system check
2020-12-15 09:00:00,39.04,203.3,26.44,66.98,41.4,246.2,0.16,19.2,Not Required,Normal operation
2020-12-15 12:00:00,311.02,1650.09,22.29,29.78,81.94,242.4,1.28,18.85,Required,Clean panels
2020-12-15 15:00:00,217.94,1043.82,22.92,43.22,20.92,220.58,0.99,20.88,Not Required,Normal operation
2020-12-15 18:00:00,8.55,41.46,26.88,49.12,0.26,209.39,0.04,20.62,Not Required,Normal operation
2020-12-16 06:00:00,0.65,2.74,36.71,45.51,51.43,237.04,0.0,23.72,Not Required,Normal operation
2020-12-16 09:00:00,105.18,495.95,36.53,73.34,45.23,217.95,0.48,21.21,Not Required,Normal operation
2020-12-16 12:00:00,328.72,1824.37,25.82,74.93,31.28,213.28,1.54,18.02,Not Required,Normal operation
2020-12-16 15:00:00,168.71,783.33,26.58,61.69,6.87,235.46,0.72,21.54,Not Required,Normal operation
2020-12-16 18:00:00,0.0,0.0,32.51,23.29,72.28,228.84,0.0,0.0,Required,Check wiring
2020-12-17 06:00:00,0.71,4.13,39.66,27.21,92.02,220.0,0.0,17.19,Required,Cooling system check
2020-12-17 09:00:00,136.3,786.32,42.67,50.05,62.28,238.58,0.57,17.33,Required,Check wiring
2020-12-17 12:00:00,225.95,1037.78,25.11,77.66,90.87,211.55,1.07,21.77,Required,Check wiring
2020-12-17 15:00:00,166.87,798.57,21.31,71.04,97.67,247.46,0.67,20.9,Required,Check wiring
2020-12-17 18:00:00,0.0,0.0,37.03,42.69,61.37,221.26,0.0,0.0,Required,Check wiring
2020-12-18 06:00:00,0.0,0.0,41.4,76.6,17.24,222.34,0.0,0.0,Required,Cooling system check
2020-12-18 09:00:00,145.89,705.93,30.98,53.24,9.54,232.14,0.63,20.67,Not Required,Normal operation
2020-12-18 12:00:00,457.31,2583.27,38.82,64.28,39.56,237.01,1.93,17.7,Warning,Minor cleaning suggested
2020-12-18 15:00:00,240.37,984.3,41.75,24.97,63.97,238.76,1.01,24.42,Warning,Inspect inverter
2020-12-18 18:00:00,0.0,0.0,27.56,69.59,72.23,232.64,0.0,0.0,Required,Clean panels
2020-12-19 06:00:00,0.0,0.0,31.18,39.31,78.82,202.75,0.0,0.0,Required,Clean panels
2020-12-19 09:00:00,135.45,725.72,29.89,71.97,52.28,247.9,0.55,18.66,Not Required,Normal operation
2020-12-19 12:00:00,362.89,2093.87,21.4,24.96,28.7,242.86,1.49,17.33,Not Required,Normal operation
2020-12-19 15:00:00,180.16,797.66,39.02,63.35,58.22,234.79,0.77,22.59,Warning,Inspect inverter
2020-12-19 18:00:00,0.0,0.0,27.43,21.84,4.58,227.64,0.0,0.0,Required,Cooling system check
2020-12-20 06:00:00,0.0,0.0,36.61,71.16,44.39,233.58,0.0,0.0,Required,Check wiring
2020-12-20 09:00:00,35.28,148.37,33.66,60.71,27.81,206.81,0.17,23.78,Not Required,Normal operation
2020-12-20 12:00:00,448.29,1911.73,22.79,37.65,19.23,216.01,2.08,23.45,Not Required,Normal operation
2020-12-20 15:00:00,216.67,1198.52,24.67,41.76,50.33,216.05,1.0,18.08,Not Required,Normal operation
2020-12-20 18:00:00,0.0,0.0,38.48,49.29,90.8,229.56,0.0,0.0,Required,Cooling system check
2020-12-21 06:00:00,1.1,4.5,25.21,46.17,55.87,231.61,0.0,24.44,Not Required,Normal operation
2020-12-21 09:00:00,91.17,416.8,36.17,21.05,89.88,232.87,0.39,21.87,Required,Check wiring
2020-12-21 12:00:00,374.17,1854.5,25.56,45.92,56.02,219.24,1.71,20.18,Not Required,Normal operation
2020-12-21 15:00:00,167.14,973.62,43.41,52.4,63.28,214.2,0.78,17.17,Required,Cooling system check
2020-12-21 18:00:00,2.48,12.05,38.69,24.93,31.15,232.97,0.01,20.58,Warning,Minor cleaning suggested
2020-12-22 06:00:00,0.0,0.0,34.8,68.89,77.19,232.72,0.0,0.0,Required,Clean panels
2020-12-22 09:00:00,28.05,130.77,38.9,72.92,59.57,234.96,0.12,21.45,Warning,Minor cleaning suggested
2020-12-22 12:00:00,451.13,2371.76,26.72,53.03,7.19,202.89,2.22,19.02,Not Required,Normal operation
2020-12-22 15:00:00,203.25,961.25,39.27,35.34,34.57,222.61,0.91,21.14,Warning,Inspect inverter
2020-12-22 18:00:00,0.0,0.0,32.97,56.73,30.46,231.23,0.0,0.0,Required,Cooling system check
2020-12-23 06:00:00,0.0,0.0,35.52,79.68,10.03,234.95,0.0,0.0,Required,Check wiring
2020-12-23 09:00:00,66.38,283.47,41.91,40.47,57.67,215.96,0.31,23.42,Warning,Minor cleaning suggested
2020-12-23 12:00:00,214.98,926.89,33.82,32.76,0.36,218.04,0.99,23.19,Not Required,Normal operation
2020-12-23 15:00:00,186.42,1022.6,39.14,29.93,96.47,236.43,0.79,18.23,Required,Check wiring
2020-12-23 18:00:00,9.69,43.18,28.07,46.48,64.74,216.53,0.04,22.44,Warning,Inspect inverter
2020-12-24 06:00:00,3.1,13.26,44.62,72.69,78.57,204.59,0.02,23.38,Required,Cooling system check
2020-12-24 09:00:00,26.12,156.04,22.49,60.92,68.93,227.47,0.11,16.74,Warning,Minor cleaning suggested
2020-12-24 12:00:00,414.51,1798.21,26.3,44.36,99.11,245.56,1.69,23.05,Required,Check wiring
2020-12-24 15:00:00,186.73,766.89,39.63,75.03,51.29,236.86,0.79,24.35,Warning,Minor cleaning suggested
2020-12-24 18:00:00,0.0,0.0,34.42,75.9,0.66,231.39,0.0,0.0,Required,Check wiring
2020-12-25 06:00:00,2.97,16.97,44.16,49.28,27.84,202.0,0.01,17.5,Required,Check wiring
2020-12-25 09:00:00,66.22,305.07,30.38,62.59,70.93,214.74,0.31,21.71,Warning,Check shading
2020-12-25 12:00:00,227.09,1332.58,26.93,38.11,60.02,214.5,1.06,17.04,Warning,Inspect inverter
2020-12-25 15:00:00,254.45,1313.05,33.79,44.55,54.66,240.82,1.06,19.38,Not Required,Normal operation
2020-12-25 18:00:00,0.9,4.81,28.27,53.22,67.32,211.64,0.0,18.71,Warning,Check shading
2020-12-26 06:00:00,0.0,0.0,34.98,23.79,62.18,248.86,0.0,0.0,Required,Check wiring
2020-12-26 09:00:00,121.45,622.52,33.38,42.8,62.76,242.46,0.5,19.51,Warning,Inspect inverter
2020-12-26 12:00:00,262.57,1372.73,28.88,42.66,78.62,232.85,1.13,19.13,Warning,Check shading
2020-12-26 15:00:00,223.51,1100.72,22.96,41.6,98.77,211.45,1.06,20.31,Required,Clean panels
2020-12-26 18:00:00,0.0,0.0,29.2,51.09,75.26,226.47,0.0,0.0,Required,Check wiring
2020-12-27 06:00:00,9.85,53.2,25.38,73.15,59.86,202.53,0.05,18.52,Not Required,Normal operation
2020-12-27 09:00:00,82.67,360.17,44.63,40.69,27.36,207.78,0.4,22.95,Required,Clean panels
2020-12-27 12:00:00,404.32,2016.67,22.51,39.5,2.5,206.47,1.96,20.05,Not Required,Normal operation
2020-12-27 15:00:00,190.17,838.65,23.14,30.13,75.25,244.07,0.78,22.68,Warning,Check shading
2020-12-27 18:00:00,0.0,0.0,26.02,40.45,50.84,215.37,0.0,0.0,Required,Cooling system check
2020-12-28 06:00:00,0.0,0.0,36.04,57.1,34.63,201.65,0.0,0.0,Required,Check wiring
2020-12-28 09:00:00,90.8,535.34,26.51,44.09,67.3,226.75,0.4,16.96,Warning,Minor cleaning suggested
2020-12-28 12:00:00,461.54,2560.62,29.35,70.33,84.17,244.74,1.89,18.02,Required,Clean panels
2020-12-28 15:00:00,140.41,746.37,25.57,43.89,61.46,211.82,0.66,18.81,Warning,Minor cleaning suggested
2020-12-28 18:00:00,0.0,0.0,22.26,51.98,27.77,238.22,0.0,0.0,Required,Clean panels
2020-12-29 06:00:00,7.45,31.26,22.41,62.9,34.58,238.94,0.03,23.83,Not Required,Normal operation
2020-12-29 09:00:00,104.39,441.43,28.62,21.59,73.24,204.24,0.51,23.65,Warning,Inspect inverter
2020-12-29 12:00:00,397.24,2232.23,31.91,55.15,5.94,229.59,1.73,17.8,Not Required,Normal operation
2020-12-29 15:00:00,209.38,967.15,33.03,31.38,39.76,228.82,0.92,21.65,Not Required,Normal operation
2020-12-29 18:00:00,0.0,0.0,27.35,41.57,54.91,208.93,0.0,0.0,Required,Clean panels
2020-12-30 06:00:00,6.87,27.74,41.2,43.89,20.76,213.02,0.03,24.77,Warning,Check shading
2020-12-30 09:00:00,65.76,268.05,41.31,23.91,8.53,222.97,0.29,24.53,Warning,Check shading
2020-12-30 12:00:00,286.22,1441.72,39.24,67.91,91.96,246.48,1.16,19.85,Required,Cooling system check
2020-12-30 15:00:00,106.29,468.49,38.05,71.56,19.52,229.63,0.46,22.69,Warning,Inspect inverter
2020-12-30 18:00:00,3.44,19.19,25.89,48.42,70.4,208.61,0.02,17.93,Warning,Minor cleaning suggested
2020-12-31 06:00:00,0.0,0.0,33.82,24.71,82.03,225.3,0.0,0.0,Required,Clean panels
2020-12-31 09:00:00,108.17,632.9,44.8,67.7,13.56,235.89,0.46,17.09,Required,Cooling system check
2020-12-31 12:00:00,202.27,1140.33,32.33,48.55,63.93,247.33,0.82,17.74,Warning,Minor cleaning suggested
2020-12-31 15:00:00,123.11,667.34,22.67,65.03,94.13,228.93,0.54,18.45,Required,Cooling system check
2020-12-31 18:00:00,3.4,18.28,32.9,33.54,6.47,235.99,0.01,18.6,Not Required,Normal operation
2021-01-01 06:00:00,0.0,0.0,26.92,31.19,48.75,216.52,0.0,0.0,Required,Cooling system check
2021-01-01 09:00:00,71.61,286.53,40.28,72.44,18.43,241.52,0.3,24.99,Warning,Check shading
2021-01-01 12:00:00,261.35,1224.02,23.74,52.82,10.47,207.82,1.26,21.35,Not Required,Normal operation
2021-01-01 15:00:00,164.92,945.33,22.27,53.0,1.34,242.24,0.68,17.45,Not Required,Normal operation
2021-01-01 18:00:00,1.92,11.08,30.46,63.28,61.42,247.37,0.01,17.33,Warning,Inspect inverter
2021-01-02 06:00:00,0.0,0.0,39.98,57.67,83.79,218.19,0.0,0.0,Required,Cooling system check
2021-01-02 09:00:00,85.77,432.71,33.08,76.43,40.35,247.95,0.35,19.82,Not Required,Normal operation
2021-01-02 12:00:00,393.84,1698.04,29.01,75.77,71.08,236.53,1.67,23.19,Warning,Minor cleaning suggested
2021-01-02 15:00:00,148.29,745.52,33.19,64.25,58.24,210.42,0.7,19.89,Not Required,Normal operation
2021-01-02 18:00:00,0.0,0.0,36.57,32.99,70.76,237.24,0.0,0.0,Required,Cooling system check
2021-01-03 06:00:00,3.33,13.74,25.55,44.82,30.38,237.91,0.01,24.24,Not Required,Normal operation
2021-01-03 09:00:00,64.97,352.02,44.16,66.82,99.0,248.27,0.26,18.46,Required,Check wiring
2021-01-03 12:00:00,369.19,1742.78,28.83,24.2,83.86,224.73,1.64,21.18,Required,Clean panels
2021-01-03 15:00:00,153.78,810.74,27.72,67.96,29.9,202.76,0.76,18.97,Not Required,Normal operation
2021-01-03 18:00:00,2.22,9.13,20.54,72.65,26.55,215.29,0.01,24.32,Not Required,Normal operation
2021-01-04 06:00:00,7.45,40.79,44.93,77.88,36.84,237.59,0.03,18.26,Required,Check wiring
2021-01-04 09:00:00,61.12,314.06,21.75,78.12,37.0,243.64,0.25,19.46,Not Required,Normal operation
2021-01-04 12:00:00,293.67,1684.94,38.18,56.3,33.87,207.26,1.42,17.43,Warning,Inspect inverter
2021-01-04 15:00:00,184.95,926.74,23.55,39.74,1.43,244.5,0.76,19.96,Not Required,Normal operation
2021-01-04 18:00:00,8.43,48.0,20.85,46.35,50.99,244.75,0.03,17.56,Not Required,Normal operation
2021-01-05 06:00:00,0.0,0.0,37.43,38.88,44.29,231.06,0.0,0.0,Required,Cooling system check
2021-01-05 09:00:00,101.93,565.26,25.92,70.52,32.29,220.51,0.46,18.03,Not Required,Normal operation
2021-01-05 12:00:00,401.35,1853.41,34.08,67.6,28.86,243.57,1.65,21.65,Not Required,Normal operation
2021-01-05 15:00:00,222.14,1291.74,26.7,26.98,22.12,226.03,0.98,17.2,Not Required,Normal operation
2021-01-05 18:00:00,0.0,0.0,36.95,60.03,60.14,232.39,0.0,0.0,Required,Clean panels
2021-01-06 06:00:00,4.33,20.5,43.88,57.62,4.75,214.49,0.02,21.12,Required,Check wiring
2021-01-06 09:00:00,61.65,283.06,32.74,20.57,57.25,247.78,0.25,21.78,Not Required,Normal operation
2021-01-06 12:00:00,230.24,1144.62,42.75,21.3,62.77,248.33,0.93,20.11,Required,Check wiring
2021-01-06 15:00:00,238.75,1390.69,30.01,33.76,43.27,239.6,1.0,17.17,Not Required,Normal operation
2021-01-06 18:00:00,0.0,0.0,23.35,57.44,75.84,227.2,0.0,0.0,Required,Cooling system check
2021-01-07 06:00:00,0.0,0.0,39.06,53.98,3.25,226.28,0.0,0.0,Required,Clean panels
2021-01-07 09:00:00,21.53,127.32,32.45,67.72,87.72,248.68,0.09,16.91,Required,Clean panels
2021-01-07 12:00:00,302.81,1662.88,40.74,25.33,84.31,223.14,1.36,18.21,Required,Cooling system check
2021-01-07 15:00:00,241.14,1087.86,22.3,20.68,63.19,233.01,1.03,22.17,Warning,Inspect inverter
2021-01-07 18:00:00,0.0,0.0,33.27,44.04,4.52,247.17,0.0,0.0,Required,Check wiring
2021-01-08 06:00:00,0.29,1.33,22.36,48.88,94.18,236.32,0.0,21.8,Required,Check wiring
2021-01-08 09:00:00,87.36,426.02,23.43,79.9,30.57,245.04,0.36,20.51,Not Required,Normal operation
2021-01-08 12:00:00,455.81,2150.66,22.06,64.66,38.68,201.44,2.26,21.19,Not Required,Normal operation
2021-01-08 15:00:00,115.4,682.7,29.86,46.9,75.36,243.1,0.47,16.9,Warning,Minor cleaning suggested
2021-01-08 18:00:00,0.0,0.0,36.86,42.26,65.4,227.84,0.0,0.0,Required,Check wiring
2021-01-09 06:00:00,0.0,0.0,33.79,76.18,96.49,215.78,0.0,0.0,Required,Clean panels
2021-01-09 09:00:00,66.72,289.3,23.58,65.29,63.03,249.38,0.27,23.06,Warning,Inspect inverter
2021-01-09 12:00:00,342.17,1623.85,26.84,78.84,29.12,202.82,1.69,21.07,Not Required,Normal operation
2021-01-09 15:00:00,157.1,647.95,44.11,58.01,10.67,224.48,0.7,24.25,Required,Check wiring
2021-01-09 18:00:00,5.66,22.97,34.81,42.59,12.63,222.96,0.03,24.64,Not Required,Normal operation
2021-01-10 06:00:00,4.7,24.71,25.58,59.43,86.58,226.66,0.02,19.02,Required,Clean panels
2021-01-10 09:00:00,140.21,777.86,26.08,34.19,0.63,222.43,0.63,18.03,Not Required,Normal operation
2021-01-10 12:00:00,356.45,2081.4,33.53,42.34,21.21,238.39,1.5,17.13,Not Required,Normal operation
2021-01-10 15:00:00,168.52,886.16,26.94,24.74,72.12,230.9,0.73,19.02,Warning,Inspect inverter
2021-01-10 18:00:00,5.62,26.01,24.3,21.1,70.21,249.05,0.02,21.61,Warning,Minor cleaning suggested
2021-01-11 06:00:00,0.0,0.0,37.48,60.14,0.66,230.13,0.0,0.0,Required,Cooling system check
2021-01-11 09:00:00,113.31,583.31,33.12,63.0,70.98,237.39,0.48,19.43,Warning,Inspect inverter
2021-01-11 12:00:00,371.54,1845.2,22.04,40.67,49.85,227.01,1.64,20.14,Not Required,Normal operation
2021-01-11 15:00:00,125.16,641.04,39.56,74.28,5.87,220.04,0.57,19.52,Warning,Check shading
2021-01-11 18:00:00,2.12,11.1,38.73,50.77,16.68,214.47,0.01,19.1,Warning,Check shading
2021-01-12 06:00:00,0.0,0.0,44.18,22.72,77.58,216.98,0.0,0.0,Required,Clean panels
2021-01-12 09:00:00,123.66,623.36,23.25,25.64,48.68,203.12,0.61,19.84,Not Required,Normal operation
2021-01-12 12:00:00,494.14,2027.75,35.56,29.09,31.89,229.51,2.15,24.37,Not Required,Normal operation
2021-01-12 15:00:00,134.8,590.23,29.54,46.15,6.86,214.57,0.63,22.84,Not Required,Normal operation
2021-01-12 18:00:00,0.0,0.0,33.04,21.61,68.8,213.68,0.0,0.0,Required,Check wiring
2021-01-13 06:00:00,0.0,0.0,20.57,44.18,50.6,246.18,0.0,0.0,Required,Cooling system check
2021-01-13 09:00:00,50.48,301.19,37.11,43.22,77.42,218.96,0.23,16.76,Warning,Minor cleaning suggested
2021-01-13 12:00:00,259.81,1056.03,31.58,54.82,9.05,208.12,1.25,24.6,Not Required,Normal operation
2021-01-13 15:00:00,148.38,835.37,34.04,56.76,78.45,235.09,0.63,17.76,Warning,Inspect inverter
2021-01-13 18:00:00,4.67,27.06,25.26,59.56,37.39,242.95,0.02,17.26,Not Required,Normal operation
2021-01-14 06:00:00,0.0,0.0,33.92,30.57,30.56,218.67,0.0,0.0,Required,Clean panels
2021-01-14 09:00:00,143.42,773.14,37.62,63.2,47.95,229.0,0.63,18.55,Not Required,Normal operation
2021-01-14 12:00:00,279.9,1352.46,43.21,48.54,86.64,241.5,1.16,20.7,Required,Check wiring
2021-01-14 15:00:00,112.55,465.33,23.18,78.15,74.6,246.35,0.46,24.19,Warning,Check shading
2021-01-14 18:00:00,0.0,0.0,40.47,75.19,35.75,206.12,0.0,0.0,Required,Cooling system check
2021-01-15 06:00:00,0.0,0.0,26.45,30.22,69.62,216.46,0.0,0.0,Required,Cooling system check
2021-01-15 09:00:00,123.84,608.97,20.35,45.3,25.38,239.14,0.52,20.34,Not Required,Normal operation
2021-01-15 12:00:00,297.28,1691.16,21.3,67.61,58.85,234.18,1.27,17.58,Not Required,Normal operation
2021-01-15 15:00:00,138.9,685.07,21.8,44.79,81.81,209.53,0.66,20.28,Required,Clean panels
2021-01-15 18:00:00,5.59,26.7,38.34,63.01,29.11,213.57,0.03,20.94,Warning,Check shading
2021-01-16 06:00:00,0.0,0.0,35.89,75.4,56.57,237.13,0.0,0.0,Required,Cooling system check
2021-01-16 09:00:00,133.66,591.98,26.92,61.62,72.73,233.02,0.57,22.58,Warning,Check shading
2021-01-16 12:00:00,432.0,1734.48,39.72,76.16,15.96,246.09,1.76,24.91,Warning,Check shading
2021-01-16 15:00:00,225.49,938.71,31.76,71.26,63.28,226.69,0.99,24.02,Warning,Check shading
2021-01-16 18:00:00,3.92,23.26,43.77,45.47,9.88,218.69,0.02,16.85,Required,Check wiring
2021-01-17 06:00:00,4.64,25.2,21.44,78.75,59.5,208.81,0.02,18.41,Not Required,Normal operation
2021-01-17 09:00:00,59.65,263.75,24.05,23.35,56.68,226.65,0.26,22.62,Not Required,Normal operation
2021-01-17 12:00:00,504.35,2318.59,35.01,38.05,26.0,207.29,2.43,21.75,Not Required,Normal operation
2021-01-17 15:00:00,202.61,1096.83,21.72,48.46,40.69,246.69,0.82,18.47,Not Required,Normal operation
2021-01-17 18:00:00,4.06,24.26,36.45,38.94,59.65,204.81,0.02,16.74,Not Required,Normal operation
2021-01-18 06:00:00,8.07,40.95,41.88,24.54,53.82,227.17,0.04,19.71,Warning,Inspect inverter
2021-01-18 09:00:00,55.99,258.79,29.85,69.8,57.95,244.64,0.23,21.64,Not Required,Normal operation
2021-01-18 12:00:00,365.7,1540.02,20.35,36.78,51.95,200.98,1.82,23.75,Not Required,Normal operation
2021-01-18 15:00:00,126.47,553.3,34.03,44.54,89.81,217.4,0.58,22.86,Required,Cooling system check
2021-01-18 18:00:00,7.56,37.95,21.91,48.14,98.39,208.43,0.04,19.92,Required,Cooling system check
2021-01-19 06:00:00,0.0,0.0,24.9,21.87,74.92,212.3,0.0,0.0,Required,Cooling system check
2021-01-19 09:00:00,54.98,251.37,25.4,21.3,15.66,240.29,0.23,21.87,Not Required,Normal operation
2021-01-19 12:00:00,300.86,1711.62,31.38,39.46,80.3,240.75,1.25,17.58,Required,Check wiring
2021-01-19 15:00:00,125.16,610.43,32.76,60.75,78.23,209.48,0.6,20.5,Warning,Check shading
2021-01-19 18:00:00,0.0,0.0,24.26,61.02,76.03,227.15,0.0,0.0,Required,Cooling system check
2021-01-20 06:00:00,0.57,2.97,31.3,40.7,62.46,204.23,0.0,19.19,Warning,Check shading
2021-01-20 09:00:00,72.96,323.13,26.06,35.7,89.02,205.14,0.36,22.58,Required,Clean panels
2021-01-20 12:00:00,410.07,2383.96,21.06,41.14,30.99,212.38,1.93,17.2,Not Required,Normal operation
2021-01-20 15:00:00,210.0,917.36,33.51,69.74,87.22,214.62,0.98,22.89,Required,Clean panels
2021-01-20 18:00:00,1.34,5.62,39.3,54.04,75.66,245.24,0.01,23.84,Warning,Check shading
2021-01-21 06:00:00,0.0,0.0,35.64,50.49,98.75,242.27,0.0,0.0,Required,Clean panels
2021-01-21 09:00:00,77.26,379.58,37.25,57.05,54.22,205.5,0.38,20.35,Not Required,Normal operation
2021-01-21 12:00:00,312.81,1632.27,36.18,69.11,78.85,216.71,1.44,19.16,Warning,Minor cleaning suggested
2021-01-21 15:00:00,220.67,1042.83,25.51,49.81,22.26,217.52,1.01,21.16,Not Required,Normal operation
2021-01-21 18:00:00,4.9,24.71,36.28,57.39,66.76,208.53,0.02,19.83,Warning,Inspect inverter
2021-01-22 06:00:00,7.04,41.75,38.77,45.01,95.25,219.82,0.03,16.86,Required,Cooling system check
2021-01-22 09:00:00,43.4,235.27,25.4,68.64,54.53,205.86,0.21,18.45,Not Required,Normal operation
2021-01-22 12:00:00,428.66,2201.33,25.39,49.38,31.32,227.77,1.88,19.47,Not Required,Normal operation
2021-01-22 15:00:00,110.67,586.44,29.63,65.98,88.08,200.99,0.55,18.87,Required,Check wiring
2021-01-22 18:00:00,0.0,0.0,38.78,70.44,6.56,228.83,0.0,0.0,Required,Cooling system check
2021-01-23 06:00:00,0.0,0.0,22.46,45.14,37.47,223.02,0.0,0.0,Required,Check wiring
2021-01-23 09:00:00,85.54,380.86,32.57,29.81,15.35,216.73,0.39,22.46,Not Required,Normal operation
2021-01-23 12:00:00,268.23,1540.33,26.5,58.05,63.38,225.16,1.19,17.41,Warning,Minor cleaning suggested
2021-01-23 15:00:00,139.92,626.89,39.39,28.59,73.42,208.22,0.67,22.32,Warning,Check shading
2021-01-23 18:00:00,0.0,0.0,24.63,69.42,74.31,232.15,0.0,0.0,Required,Clean panels
2021-01-24 06:00:00,0.13,0.57,40.57,54.83,76.98,200.02,0.0,22.81,Warning,Check shading
2021-01-24 09:00:00,88.12,401.86,22.69,45.63,13.9,244.42,0.36,21.93,Not Required,Normal operation
2021-01-24 12:00:00,455.3,1926.18,33.36,69.96,86.92,216.37,2.1,23.64,Required,Cooling system check
2021-01-24 15:00:00,120.34,538.18,33.99,42.44,50.96,236.99,0.51,22.36,Not Required,Normal operation
2021-01-24 18:00:00,0.0,0.0,31.83,39.37,46.93,202.26,0.0,0.0,Required,Cooling system check
2021-01-25 06:00:00,6.03,34.67,22.91,68.82,91.76,212.81,0.03,17.39,Required,Check wiring
2021-01-25 09:00:00,106.08,619.59,27.57,77.71,28.32,210.23,0.5,17.12,Not Required,Normal operation
2021-01-25 12:00:00,223.79,923.59,33.7,27.17,52.6,201.56,1.11,24.23,Not Required,Normal operation
2021-01-25 15:00:00,205.98,855.6,33.48,65.96,77.26,232.94,0.88,24.07,Warning,Check shading
2021-01-25 18:00:00,0.0,0.0,42.41,26.38,38.14,221.35,0.0,0.0,Required,Check wiring
2021-01-26 06:00:00,0.0,0.0,24.76,69.63,99.51,205.71,0.0,0.0,Required,Cooling system check
2021-01-26 09:00:00,71.94,400.34,39.84,25.24,25.04,216.27,0.33,17.97,Warning,Inspect inverter
2021-01-26 12:00:00,443.84,2642.1,36.2,59.83,41.92,202.06,2.2,16.8,Not Required,Normal operation
2021-01-26 15:00:00,176.29,724.39,25.36,45.72,80.97,246.84,0.71,24.34,Required,Cooling system check
2021-01-26 18:00:00,0.0,0.0,22.86,61.01,49.82,221.71,0.0,0.0,Required,Clean panels
2021-01-27 06:00:00,5.74,24.57,26.4,60.63,13.8,202.67,0.03,23.36,Not Required,Normal operation
2021-01-27 09:00:00,143.08,736.69,21.15,61.15,23.4,218.37,0.66,19.42,Not Required,Normal operation
2021-01-27 12:00:00,282.92,1544.72,20.38,53.53,64.43,235.19,1.2,18.32,Warning,Minor cleaning suggested
2021-01-27 15:00:00,149.06,679.29,30.05,62.46,16.78,230.12,0.65,21.94,Not Required,Normal operation
2021-01-27 18:00:00,0.0,0.0,36.62,67.88,57.87,246.22,0.0,0.0,Required,Cooling system check
2021-01-28 06:00:00,2.94,16.16,25.15,69.14,33.71,221.86,0.01,18.19,Not Required,Normal operation
2021-01-28 09:00:00,19.19,98.56,24.64,62.73,58.97,225.12,0.09,19.47,Not Required,Normal operation
2021-01-28 12:00:00,245.11,1233.27,22.2,31.41,12.9,224.51,1.09,19.87,Not Required,Normal operation
2021-01-28 15:00:00,227.48,921.17,24.06,42.05,47.69,210.93,1.08,24.69,Not Required,Normal operation
2021-01-28 18:00:00,0.0,0.0,26.34,60.74,28.79,210.17,0.0,0.0,Required,Clean panels
2021-01-29 06:00:00,0.0,0.0,30.42,65.8,11.69,203.27,0.0,0.0,Required,Clean panels
2021-01-29 09:00:00,112.82,512.19,44.23,76.61,80.6,210.73,0.54,22.03,Required,Cooling system check
2021-01-29 12:00:00,427.1,1918.83,39.49,71.64,46.6,245.87,1.74,22.26,Warning,Minor cleaning suggested
2021-01-29 15:00:00,205.65,978.12,20.84,30.23,95.77,233.04,0.88,21.03,Required,Check wiring
2021-01-29 18:00:00,2.27,11.91,26.66,75.23,84.18,240.33,0.01,19.06,Required,Check wiring
2021-01-30 06:00:00,7.34,40.91,30.26,66.19,78.71,208.56,0.04,17.94,Warning,Inspect inverter
2021-01-30 09:00:00,27.47,160.84,23.56,48.1,82.48,246.11,0.11,17.08,Required,Clean panels
2021-01-30 12:00:00,355.37,1844.21,36.85,20.13,68.59,229.15,1.55,19.27,Warning,Check shading
2021-01-30 15:00:00,175.86,983.84,34.24,43.47,23.18,245.38,0.72,17.87,Not Required,Normal operation
2021-01-30 18:00:00,5.13,29.46,31.57,35.5,62.78,214.88,0.02,17.41,Warning,Check shading
2021-01-31 06:00:00,3.92,17.16,25.47,42.9,85.93,222.97,0.02,22.84,Required,Clean panels
2021-01-31 09:00:00,40.63,216.68,28.78,58.3,69.11,218.39,0.19,18.75,Warning,Minor cleaning suggested
2021-01-31 12:00:00,485.9,2744.5,44.81,38.72,28.41,222.05,2.19,17.7,Required,Check wiring
2021-01-31 15:00:00,210.48,871.36,30.9,25.42,43.78,239.42,0.88,24.16,Not Required,Normal operation
2021-01-31 18:00:00,0.97,5.42,28.81,49.96,12.61,247.75,0.0,17.9,Not Required,Normal operation
2021-02-01 06:00:00,1.83,10.3,33.26,62.22,22.55,223.97,0.01,17.77,Not Required,Normal operation
2021-02-01 09:00:00,80.17,386.3,40.48,73.51,2.7,201.17,0.4,20.75,Warning,Inspect inverter
2021-02-01 12:00:00,248.44,1252.96,21.95,56.32,97.49,218.35,1.14,19.83,Required,Check wiring
2021-02-01 15:00:00,110.55,629.69,28.67,20.05,82.25,243.87,0.45,17.56,Required,Cooling system check
2021-02-01 18:00:00,7.03,37.22,41.39,41.58,80.09,244.61,0.03,18.89,Required,Check wiring
2021-02-02 06:00:00,0.0,0.0,23.44,68.67,59.98,243.64,0.0,0.0,Required,Cooling system check
2021-02-02 09:00:00,112.12,508.14,30.32,67.25,33.37,204.39,0.55,22.06,Not Required,Normal operation
2021-02-02 12:00:00,449.63,2465.45,34.64,43.45,59.57,200.51,2.24,18.24,Not Required,Normal operation
2021-02-02 15:00:00,191.63,1077.55,36.34,40.53,65.58,205.76,0.93,17.78,Warning,Minor cleaning suggested
2021-02-02 18:00:00,3.37,19.4,21.95,70.73,17.32,247.89,0.01,17.37,Not Required,Normal operation
2021-02-03 06:00:00,4.2,23.25,27.18,65.24,26.69,248.65,0.02,18.06,Not Required,Normal operation
2021-02-03 09:00:00,87.98,370.83,43.56,30.47,26.58,203.11,0.43,23.73,Required,Cooling system check
2021-02-03 12:00:00,327.72,1644.69,20.72,41.95,84.42,243.58,1.35,19.93,Required,Check wiring
2021-02-03 15:00:00,121.58,617.42,31.02,78.4,33.06,236.01,0.52,19.69,Not Required,Normal operation
2021-02-03 18:00:00,3.51,18.08,23.27,40.24,39.06,229.17,0.02,19.41,Not Required,Normal operation
2021-02-04 06:00:00,1.45,8.68,34.84,48.95,42.81,246.96,0.01,16.71,Not Required,Normal operation
2021-02-04 09:00:00,118.84,669.29,23.64,35.27,69.65,228.54,0.52,17.76,Warning,Check shading
2021-02-04 12:00:00,347.69,2083.84,22.03,26.94,33.0,233.54,1.49,16.69,Not Required,Normal operation
2021-02-04 15:00:00,174.92,799.65,27.56,62.38,80.62,241.96,0.72,21.87,Required,Clean panels
2021-02-04 18:00:00,0.0,0.0,23.6,62.83,22.85,208.99,0.0,0.0,Required,Cooling system check
2021-02-05 06:00:00,9.09,46.23,28.65,36.36,17.5,229.79,0.04,19.66,Not Required,Normal operation
2021-02-05 09:00:00,133.26,692.78,43.67,71.58,0.76,238.02,0.56,19.24,Required,Check wiring
2021-02-05 12:00:00,198.57,1093.44,22.79,69.63,78.68,236.97,0.84,18.16,Warning,Minor cleaning suggested
2021-02-05 15:00:00,121.8,532.41,21.26,29.52,96.53,207.79,0.59,22.88,Required,Clean panels
2021-02-05 18:00:00,9.44,52.45,20.9,78.05,45.83,242.83,0.04,18.0,Not Required,Normal operation
2021-02-06 06:00:00,0.0,0.0,26.86,66.4,43.82,208.43,0.0,0.0,Required,Clean panels
2021-02-06 09:00:00,51.44,282.52,24.93,46.03,60.13,217.35,0.24,18.21,Warning,Inspect inverter
2021-02-06 12:00:00,242.96,1112.63,24.39,39.91,14.05,201.86,1.2,21.84,Not Required,Normal operation
2021-02-06 15:00:00,212.62,1081.01,36.7,71.19,0.86,239.99,0.89,19.67,Not Required,Normal operation
2021-02-06 18:00:00,8.21,40.32,24.13,20.99,97.72,210.29,0.04,20.36,Required,Cooling system check
2021-02-07 06:00:00,0.0,0.0,41.89,61.83,20.67,247.38,0.0,0.0,Required,Cooling system check
2021-02-07 09:00:00,142.47,779.61,21.78,37.74,2.23,224.36,0.64,18.27,Not Required,Normal operation
2021-02-07 12:00:00,322.68,1731.16,43.27,21.99,87.33,215.58,1.5,18.64,Required,Clean panels
2021-02-07 15:00:00,110.93,478.04,37.81,46.9,73.54,249.47,0.44,23.21,Warning,Inspect inverter
2021-02-07 18:00:00,5.77,32.63,30.33,29.93,53.3,221.28,0.03,17.68,Not Required,Normal operation
2021-02-08 06:00:00,0.0,0.0,39.24,66.51,94.75,245.74,0.0,0.0,Required,Cooling system check
2021-02-08 09:00:00,66.43,313.76,33.82,58.97,2.91,209.37,0.32,21.17,Not Required,Normal operation
2021-02-08 12:00:00,332.86,1367.1,39.49,76.67,68.35,232.79,1.43,24.35,Warning,Minor cleaning suggested
2021-02-08 15:00:00,143.63,728.25,38.92,42.11,81.1,237.34,0.61,19.72,Required,Clean panels
2021-02-08 18:00:00,3.95,16.94,43.21,45.31,44.68,227.88,0.02,23.32,Required,Clean panels
2021-02-09 06:00:00,0.0,0.0,35.16,20.69,46.76,212.79,0.0,0.0,Required,Check wiring
2021-02-09 09:00:00,118.57,682.67,43.26,75.76,94.22,213.98,0.55,17.37,Required,Clean panels
2021-02-09 12:00:00,348.04,1719.05,26.57,36.69,87.79,208.6,1.67,20.25,Required,Clean panels
2021-02-09 15:00:00,248.18,1240.82,35.74,71.67,25.82,210.83,1.18,20.0,Not Required,Normal operation
2021-02-09 18:00:00,0.0,0.0,40.15,51.56,87.03,213.36,0.0,0.0,Required,Clean panels
2021-02-10 06:00:00,9.55,45.29,33.65,31.36,60.43,202.73,0.05,21.09,Warning,Check shading
2021-02-10 09:00:00,57.27,301.42,44.59,63.55,8.18,214.48,0.27,19.0,Required,Cooling system check
2021-02-10 12:00:00,437.86,1859.54,21.41,56.26,37.8,217.8,2.01,23.55,Not Required,Normal operation
2021-02-10 15:00:00,154.51,655.94,26.57,39.44,85.93,223.25,0.69,23.56,Required,Check wiring
2021-02-10 18:00:00,1.8,9.4,38.17,62.96,13.38,228.43,0.01,19.15,Warning,Check shading
2021-02-11 06:00:00,0.0,0.0,27.37,52.27,60.81,218.7,0.0,0.0,Required,Cooling system check
2021-02-11 09:00:00,58.42,334.15,27.72,64.62,89.31,211.63,0.28,17.48,Required,Cooling system check
2021-02-11 12:00:00,345.1,1865.93,34.12,60.77,99.18,209.05,1.65,18.49,Required,Cooling system check
2021-02-11 15:00:00,160.58,756.44,34.64,47.04,22.78,241.52,0.66,21.23,Not Required,Normal operation
2021-02-11 18:00:00,0.12,0.59,28.95,70.56,98.27,241.37,0.0,20.34,Required,Cooling system check
2021-02-12 06:00:00,0.0,0.0,20.97,28.11,2.86,220.11,0.0,0.0,Required,Cooling system check
2021-02-12 09:00:00,146.41,653.86,24.58,37.4,83.01,238.5,0.61,22.39,Required,Check wiring
2021-02-12 12:00:00,437.52,1882.06,42.45,73.7,49.85,216.35,2.02,23.25,Required,Cooling system check
2021-02-12 15:00:00,247.11,1377.89,35.21,36.61,1.39,201.55,1.23,17.93,Not Required,Normal operation
2021-02-12 18:00:00,2.53,12.03,38.11,74.49,4.29,208.64,0.01,21.03,Warning,Inspect inverter
2021-02-13 06:00:00,0.0,0.0,41.98,47.3,66.25,205.37,0.0,0.0,Required,Check wiring
2021-02-13 09:00:00,44.76,183.85,43.52,71.58,5.7,248.4,0.18,24.35,Required,Clean panels
2021-02-13 12:00:00,501.11,2017.57,35.54,35.57,37.51,249.51,2.01,24.84,Not Required,Normal operation
2021-02-13 15:00:00,153.67,848.78,24.19,37.57,70.03,240.64,0.64,18.1,Warning,Check shading
2021-02-13 18:00:00,8.05,32.95,26.15,45.89,14.92,226.97,0.04,24.43,Not Required,Normal operation
2021-02-14 06:00:00,0.0,0.0,33.61,35.21,52.76,222.03,0.0,0.0,Required,Check wiring
2021-02-14 09:00:00,106.8,632.32,30.56,58.04,37.68,230.04,0.46,16.89,Not Required,Normal operation
2021-02-14 12:00:00,198.02,1156.57,36.13,46.82,57.74,209.78,0.94,17.12,Not Required,Normal operation
2021-02-14 15:00:00,120.6,512.13,30.59,44.51,21.09,218.43,0.55,23.55,Not Required,Normal operation
2021-02-14 18:00:00,0.77,4.42,26.61,27.65,30.87,209.32,0.0,17.42,Not Required,Normal operation
2021-02-15 06:00:00,0.0,0.0,44.8,22.61,49.9,240.84,0.0,0.0,Required,Clean panels
2021-02-15 09:00:00,70.3,399.68,24.45,33.37,15.52,242.23,0.29,17.59,Not Required,Normal operation
2021-02-15 12:00:00,204.14,907.89,41.69,68.98,1.51,207.95,0.98,22.49,Warning,Minor cleaning suggested
2021-02-15 15:00:00,238.42,1262.81,25.38,34.24,77.53,218.79,1.09,18.88,Warning,Check shading
2021-02-15 18:00:00,9.37,43.39,22.38,33.83,98.44,228.34,0.04,21.59,Required,Clean panels
2021-02-16 06:00:00,0.71,4.1,20.71,39.6,79.18,211.91,0.0,17.32,Warning,Check shading
2021-02-16 09:00:00,88.07,472.38,44.84,64.44,25.02,244.96,0.36,18.64,Required,Clean panels
2021-02-16 12:00:00,261.66,1329.47,40.73,57.81,1.85,243.78,1.07,19.68,Warning,Inspect inverter
2021-02-16 15:00:00,201.27,814.0,41.37,65.41,9.25,235.32,0.86,24.73,Warning,Inspect inverter
2021-02-16 18:00:00,1.49,8.92,25.82,29.84,39.31,231.2,0.01,16.7,Not Required,Normal operation
2021-02-17 06:00:00,0.0,0.0,21.63,44.05,37.23,245.27,0.0,0.0,Required,Clean panels
2021-02-17 09:00:00,106.24,603.18,43.94,24.46,92.19,246.89,0.43,17.61,Required,Check wiring
2021-02-17 12:00:00,290.7,1505.21,21.27,45.16,32.42,224.9,1.29,19.31,Not Required,Normal operation
2021-02-17 15:00:00,186.38,1010.74,33.69,40.25,64.27,216.13,0.86,18.44,Warning,Inspect inverter
2021-02-17 18:00:00,0.0,0.0,22.83,62.58,50.54,240.76,0.0,0.0,Required,Cooling system check
2021-02-18 06:00:00,0.0,0.0,32.78,30.25,74.33,225.31,0.0,0.0,Required,Check wiring
2021-02-18 09:00:00,114.96,638.08,27.6,28.3,99.2,203.82,0.56,18.02,Required,Clean panels
2021-02-18 12:00:00,369.33,1513.48,38.09,32.14,72.03,229.5,1.61,24.4,Warning,Check shading
2021-02-18 15:00:00,145.78,778.19,27.0,79.34,39.34,248.48,0.59,18.73,Not Required,Normal operation
2021-02-18 18:00:00,0.0,0.0,30.66,40.98,61.16,241.93,0.0,0.0,Required,Check wiring
2021-02-19 06:00:00,3.45,14.27,33.04,22.87,15.0,204.31,0.02,24.18,Not Required,Normal operation
2021-02-19 09:00:00,137.43,600.4,37.73,63.46,41.11,224.16,0.61,22.89,Not Required,Normal operation
2021-02-19 12:00:00,287.44,1534.17,42.24,22.54,9.71,229.74,1.25,18.74,Required,Cooling system check
2021-02-19 15:00:00,134.0,645.0,41.4,26.62,68.13,216.36,0.62,20.78,Warning,Minor cleaning suggested
2021-02-19 18:00:00,4.09,24.26,34.18,77.57,31.24,227.72,0.02,16.86,Not Required,Normal operation
2021-02-20 06:00:00,5.89,24.18,26.46,73.16,66.01,230.09,0.03,24.36,Warning,Check shading
2021-02-20 09:00:00,136.29,793.34,27.88,60.81,76.48,208.95,0.65,17.18,Warning,Check shading
2021-02-20 12:00:00,410.19,1842.84,27.83,54.0,48.49,225.72,1.82,22.26,Not Required,Normal operation
2021-02-20 15:00:00,105.82,533.42,28.5,25.59,42.92,244.01,0.43,19.84,Not Required,Normal operation
2021-02-20 18:00:00,0.0,0.0,29.17,42.7,46.14,218.87,0.0,0.0,Required,Clean panels
2021-02-21 06:00:00,2.44,11.62,42.74,39.66,66.57,215.8,0.01,21.0,Required,Check wiring
2021-02-21 09:00:00,68.61,325.86,42.88,21.0,51.23,242.92,0.28,21.06,Required,Check wiring
2021-02-21 12:00:00,306.06,1261.39,34.98,67.35,20.1,248.14,1.23,24.26,Not Required,Normal operation
2021-02-21 15:00:00,110.48,626.36,33.25,21.94,68.88,213.89,0.52,17.64,Warning,Inspect inverter
2021-02-21 18:00:00,4.2,18.64,41.34,33.53,48.42,231.65,0.02,22.53,Warning,Minor cleaning suggested
2021-02-22 06:00:00,0.0,0.0,42.39,57.02,97.23,222.81,0.0,0.0,Required,Cooling system check
2021-02-22 09:00:00,75.36,327.45,33.81,26.17,53.97,228.66,0.33,23.01,Not Required,Normal operation
2021-02-22 12:00:00,405.13,1729.06,42.36,66.53,7.36,234.25,1.73,23.43,Required,Clean panels
2021-02-22 15:00:00,164.85,676.12,43.8,58.32,46.12,201.59,0.82,24.38,Required,Cooling system check
2021-02-22 18:00:00,0.77,4.02,33.76,59.39,63.58,249.31,0.0,19.15,Warning,Minor cleaning suggested
2021-02-23 06:00:00,3.37,16.04,22.0,78.42,17.77,204.56,0.02,21.01,Not Required,Normal operation
2021-02-23 09:00:00,110.94,515.84,34.96,71.97,65.8,243.26,0.46,21.51,Warning,Inspect inverter
2021-02-23 12:00:00,423.12,1981.24,20.6,30.43,69.7,220.26,1.92,21.36,Warning,Check shading
2021-02-23 15:00:00,145.64,706.3,35.68,70.95,94.21,205.26,0.71,20.62,Required,Clean panels
2021-02-23 18:00:00,0.0,0.0,40.39,75.45,42.25,211.82,0.0,0.0,Required,Cooling system check
2021-02-24 06:00:00,0.08,0.43,20.36,23.02,39.31,227.83,0.0,18.6,Not Required,Normal operation
2021-02-24 09:00:00,80.76,462.28,32.0,71.06,41.73,231.06,0.35,17.47,Not Required,Normal operation
2021-02-24 12:00:00,310.81,1344.06,43.49,59.97,1.75,208.53,1.49,23.12,Required,Clean panels
2021-02-24 15:00:00,108.89,633.6,34.96,38.47,38.92,209.06,0.52,17.19,Not Required,Normal operation
2021-02-24 18:00:00,0.0,0.0,34.74,54.38,65.35,247.42,0.0,0.0,Required,Cooling system check
2021-02-25 06:00:00,1.35,7.51,27.16,72.59,5.3,228.84,0.01,17.98,Not Required,Normal operation
2021-02-25 09:00:00,79.31,373.85,42.88,27.12,32.35,226.27,0.35,21.21,Required,Check wiring
2021-02-25 12:00:00,242.58,1319.72,42.96,35.14,74.42,230.07,1.05,18.38,Required,Check wiring
2021-02-25 15:00:00,117.6,656.42,42.24,65.23,30.06,230.28,0.51,17.92,Required,Clean panels
2021-02-25 18:00:00,0.48,2.34,26.3,22.59,24.86,210.42,0.0,20.51,Not Required,Normal operation
2021-02-26 06:00:00,3.41,13.67,39.58,29.24,1.25,243.2,0.01,24.95,Warning,Minor cleaning suggested
2021-02-26 09:00:00,26.05,145.06,36.2,58.47,92.82,224.69,0.12,17.96,Required,Check wiring
2021-02-26 12:00:00,361.24,1739.42,21.33,67.06,73.14,245.94,1.47,20.77,Warning,Inspect inverter
2021-02-26 15:00:00,117.86,519.95,21.88,56.49,80.32,244.9,0.48,22.67,Required,Cooling system check
2021-02-26 18:00:00,0.0,0.0,39.4,73.91,19.01,245.65,0.0,0.0,Required,Check wiring
2021-02-27 06:00:00,0.0,0.0,31.52,71.42,0.85,223.12,0.0,0.0,Required,Cooling system check
2021-02-27 09:00:00,148.8,790.82,24.78,39.38,43.06,204.3,0.73,18.82,Not Required,Normal operation
2021-02-27 12:00:00,201.53,1130.03,29.2,37.38,12.73,232.69,0.87,17.83,Not Required,Normal operation
2021-02-27 15:00:00,228.17,986.91,44.94,57.11,52.49,243.57,0.94,23.12,Required,Cooling system check
2021-02-27 18:00:00,0.0,0.0,29.33,50.32,81.64,205.76,0.0,0.0,Required,Clean panels
2021-02-28 06:00:00,8.82,51.76,37.58,36.36,80.98,244.61,0.04,17.04,Required,Check wiring
2021-02-28 09:00:00,44.71,256.49,42.56,50.01,73.82,211.24,0.21,17.43,Required,Clean panels
2021-02-28 12:00:00,203.05,1184.76,41.3,30.07,87.24,242.68,0.84,17.14,Required,Cooling system check
2021-02-28 15:00:00,138.56,675.6,28.99,67.68,96.3,211.97,0.65,20.51,Required,Check wiring
2021-02-28 18:00:00,0.0,0.0,27.66,26.79,4.17,243.99,0.0,0.0,Required,Check wiring
2021-03-01 06:00:00,5.06,25.1,30.39,79.8,32.08,249.83,0.02,20.16,Not Required,Normal operation
2021-03-01 09:00:00,127.77,665.27,28.32,47.53,7.95,240.53,0.53,19.21,Not Required,Normal operation
2021-03-01 12:00:00,313.96,1772.9,30.33,54.07,24.38,218.92,1.43,17.71,Not Required,Normal operation
2021-03-01 15:00:00,99.8,406.89,41.91,73.31,57.53,237.58,0.42,24.53,Warning,Minor cleaning suggested
2021-03-01 18:00:00,0.0,0.0,27.73,74.12,35.04,208.51,0.0,0.0,Required,Check wiring
2021-03-02 06:00:00,5.75,24.25,44.49,43.2,21.0,236.35,0.02,23.71,Required,Clean panels
2021-03-02 09:00:00,49.2,222.17,25.94,56.14,6.81,202.6,0.24,22.15,Not Required,Normal operation
2021-03-02 12:00:00,402.5,2175.91,31.21,53.91,11.91,249.36,1.61,18.5,Not Required,Normal operation
2021-03-02 15:00:00,119.75,575.74,40.61,31.47,53.6,240.05,0.5,20.8,Warning,Minor cleaning suggested
2021-03-02 18:00:00,7.89,38.65,39.41,55.51,13.11,231.38,0.03,20.41,Warning,Check shading
2021-03-03 06:00:00,0.0,0.0,41.62,53.86,29.54,235.51,0.0,0.0,Required,Cooling system check
2021-03-03 09:00:00,117.14,473.01,40.16,66.69,38.6,211.88,0.55,24.76,Warning,Inspect inverter
2021-03-03 12:00:00,465.07,2544.95,21.35,29.51,36.79,246.54,1.89,18.27,Not Required,Normal operation
2021-03-03 15:00:00,128.85,712.23,23.65,22.82,28.7,249.47,0.52,18.09,Not Required,Normal operation
2021-03-03 18:00:00,0.0,0.0,24.76,74.02,91.57,249.2,0.0,0.0,Required,Clean panels
2021-03-04 06:00:00,3.58,19.12,44.48,57.49,32.31,245.02,0.01,18.72,Required,Check wiring
2021-03-04 09:00:00,100.24,510.73,25.04,28.18,0.06,236.41,0.42,19.63,Not Required,Normal operation
2021-03-04 12:00:00,500.48,2081.86,20.11,69.63,42.98,203.95,2.45,24.04,Not Required,Normal operation
2021-03-04 15:00:00,204.62,1176.81,35.3,68.42,4.06,242.33,0.84,17.39,Not Required,Normal operation
2021-03-04 18:00:00,0.0,0.0,39.79,58.3,47.94,244.0,0.0,0.0,Required,Check wiring
2021-03-05 06:00:00,0.0,0.0,23.52,73.9,95.87,233.45,0.0,0.0,Required,Check wiring
2021-03-05 09:00:00,84.93,380.7,34.52,70.48,57.08,239.53,0.35,22.31,Not Required,Normal operation
2021-03-05 12:00:00,365.94,1625.54,31.74,28.53,86.01,230.43,1.59,22.51,Required,Clean panels
2021-03-05 15:00:00,220.94,1159.95,33.28,47.19,96.48,223.01,0.99,19.05,Required,Check wiring
2021-03-05 18:00:00,6.45,37.31,43.64,35.12,72.71,209.81,0.03,17.29,Required,Check wiring
2021-03-06 06:00:00,0.0,0.0,39.04,59.6,87.57,231.81,0.0,0.0,Required,Cooling system check
2021-03-06 09:00:00,81.74,444.01,30.14,54.04,41.16,229.03,0.36,18.41,Not Required,Normal operation
2021-03-06 12:00:00,323.48,1821.78,24.34,78.6,1.19,219.09,1.48,17.76,Not Required,Normal operation
2021-03-06 15:00:00,251.94,1479.95,42.41,23.84,91.82,200.95,1.25,17.02,Required,Check wiring
2021-03-06 18:00:00,6.29,33.28,44.27,26.26,15.65,235.27,0.03,18.9,Required,Cooling system check
2021-03-07 06:00:00,0.0,0.0,35.15,47.47,39.21,228.53,0.0,0.0,Required,Clean panels
2021-03-07 09:00:00,111.69,457.76,27.3,64.26,36.25,205.26,0.54,24.4,Not Required,Normal operation
2021-03-07 12:00:00,425.52,1887.23,36.74,27.12,32.78,227.14,1.87,22.55,Not Required,Normal operation
2021-03-07 15:00:00,136.07,553.31,31.48,37.54,96.78,245.72,0.55,24.59,Required,Clean panels
2021-03-07 18:00:00,2.08,11.95,30.98,61.42,79.3,209.07,0.01,17.41,Warning,Minor cleaning suggested
2021-03-08 06:00:00,0.0,0.0,23.11,35.59,46.13,244.18,0.0,0.0,Required,Cooling system check
2021-03-08 09:00:00,130.06,733.32,43.99,79.23,82.52,226.33,0.57,17.74,Required,Check wiring
2021-03-08 12:00:00,454.95,2029.65,28.9,47.48,61.87,240.22,1.89,22.42,Warning,Minor cleaning suggested
2021-03-08 15:00:00,239.7,1006.52,40.7,52.38,11.77,204.37,1.17,23.81,Warning,Minor cleaning suggested
2021-03-08 18:00:00,0.0,0.0,20.68,42.87,65.78,200.78,0.0,0.0,Required,Cooling system check
2021-03-09 06:00:00,0.0,0.0,34.72,33.42,75.3,244.7,0.0,0.0,Required,Check wiring
2021-03-09 09:00:00,93.69,413.22,30.22,62.83,19.16,249.86,0.37,22.67,Not Required,Normal operation
2021-03-09 12:00:00,451.14,2038.79,34.84,66.32,22.9,214.46,2.1,22.13,Not Required,Normal operation
2021-03-09 15:00:00,257.35,1153.46,33.54,62.66,7.19,202.32,1.27,22.31,Not Required,Normal operation
2021-03-09 18:00:00,0.0,0.0,26.89,50.12,45.96,229.93,0.0,0.0,Required,Check wiring
2021-03-10 06:00:00,0.63,3.66,41.68,36.59,51.67,237.3,0.0,17.21,Warning,Inspect inverter
2021-03-10 09:00:00,119.67,613.13,32.06,53.64,80.44,211.86,0.56,19.52,Required,Clean panels
2021-03-10 12:00:00,480.61,2803.75,33.57,54.91,37.96,226.8,2.12,17.14,Not Required,Normal operation
2021-03-10 15:00:00,226.58,1351.81,44.35,45.91,65.78,215.72,1.05,16.76,Required,Check wiring
2021-03-10 18:00:00,1.42,8.47,44.6,53.71,84.91,248.69,0.01,16.77,Required,Cooling system check
2021-03-11 06:00:00,9.15,44.24,22.41,28.87,97.51,242.91,0.04,20.68,Required,Clean panels
2021-03-11 09:00:00,70.33,285.68,31.49,27.28,61.9,242.2,0.29,24.62,Warning,Minor cleaning suggested
2021-03-11 12:00:00,207.31,1018.76,37.7,58.36,94.2,214.31,0.97,20.35,Required,Clean panels
2021-03-11 15:00:00,165.23,908.39,34.07,55.02,36.03,217.38,0.76,18.19,Not Required,Normal operation
2021-03-11 18:00:00,9.72,51.5,33.29,29.51,89.59,249.78,0.04,18.87,Required,Cooling system check
2021-03-12 06:00:00,7.04,31.21,31.81,65.97,24.83,230.11,0.03,22.56,Not Required,Normal operation
2021-03-12 09:00:00,62.81,372.69,42.99,22.63,80.52,215.5,0.29,16.85,Required,Cooling system check
2021-03-12 12:00:00,280.41,1371.12,31.27,53.19,47.96,236.15,1.19,20.45,Not Required,Normal operation
2021-03-12 15:00:00,156.78,742.73,30.08,40.59,13.2,213.61,0.73,21.11,Not Required,Normal operation
2021-03-12 18:00:00,4.45,19.65,36.87,59.41,85.3,215.59,0.02,22.65,Required,Cooling system check
2021-03-13 06:00:00,0.11,0.51,38.02,40.95,96.91,243.84,0.0,21.57,Required,Cooling system check
2021-03-13 09:00:00,80.97,330.56,30.06,72.21,9.62,234.8,0.34,24.49,Not Required,Normal operation
2021-03-13 12:00:00,472.37,2623.18,22.25,23.12,45.99,206.2,2.29,18.01,Not Required,Normal operation
2021-03-13 15:00:00,145.67,620.89,23.42,31.33,53.43,210.93,0.69,23.46,Not Required,Normal operation
2021-03-13 18:00:00,2.96,13.44,31.03,78.84,8.52,203.29,0.01,22.02,Not Required,Normal operation
2021-03-14 06:00:00,4.73,21.75,36.34,51.35,12.2,210.79,0.02,21.75,Not Required,Normal operation
2021-03-14 09:00:00,86.79,400.2,36.93,24.02,28.07,203.22,0.43,21.69,Not Required,Normal operation
2021-03-14 12:00:00,231.53,1019.82,37.63,55.31,79.14,201.4,1.15,22.7,Warning,Minor cleaning suggested
2021-03-14 15:00:00,142.8,856.42,22.88,78.29,79.64,249.59,0.57,16.67,Warning,Check shading
2021-03-14 18:00:00,0.0,0.0,32.31,63.91,75.55,216.97,0.0,0.0,Required,Cooling system check
2021-03-15 06:00:00,4.03,17.11,25.8,31.19,73.82,237.82,0.02,23.55,Warning,Inspect inverter
2021-03-15 09:00:00,104.44,435.52,44.41,20.96,82.65,205.75,0.51,23.98,Required,Check wiring
2021-03-15 12:00:00,322.71,1704.73,44.16,44.64,7.29,216.71,1.49,18.93,Required,Check wiring
2021-03-15 15:00:00,210.47,1003.65,28.44,72.34,56.83,239.44,0.88,20.97,Not Required,Normal operation
2021-03-15 18:00:00,4.27,25.36,22.95,25.29,74.71,210.32,0.02,16.84,Warning,Minor cleaning suggested
2021-03-16 06:00:00,4.17,25.02,36.08,58.86,76.41,221.76,0.02,16.67,Warning,Inspect inverter
2021-03-16 09:00:00,46.4,255.05,43.79,35.18,26.57,204.18,0.23,18.19,Required,Cooling system check
2021-03-16 12:00:00,208.94,992.76,35.48,37.42,57.31,234.23,0.89,21.05,Not Required,Normal operation
2021-03-16 15:00:00,115.78,651.07,26.12,51.74,25.54,223.16,0.52,17.78,Not Required,Normal operation
2021-03-16 18:00:00,0.05,0.21,21.57,74.37,78.66,208.8,0.0,23.81,Warning,Check shading
2021-03-17 06:00:00,0.0,0.0,42.76,75.82,1.0,214.28,0.0,0.0,Required,Cooling system check
2021-03-17 09:00:00,126.26,673.4,21.08,26.7,90.11,210.56,0.6,18.75,Required,Cooling system check
2021-03-17 12:00:00,209.97,1232.16,43.57,22.4,30.68,214.93,0.98,17.04,Required,Clean panels
2021-03-17 15:00:00,189.66,917.92,37.31,38.91,44.57,243.92,0.78,20.66,Not Required,Normal operation
2021-03-17 18:00:00,0.0,0.0,24.89,60.13,6.04,241.77,0.0,0.0,Required,Cooling system check
2021-03-18 06:00:00,0.0,0.0,28.36,66.19,14.43,204.09,0.0,0.0,Required,Check wiring
2021-03-18 09:00:00,37.14,185.25,40.7,71.05,42.36,231.79,0.16,20.05,Warning,Minor cleaning suggested
2021-03-18 12:00:00,430.55,1749.43,41.65,42.26,26.49,215.17,2.0,24.61,Warning,Minor cleaning suggested
2021-03-18 15:00:00,222.76,947.46,31.02,48.77,66.94,224.81,0.99,23.51,Warning,Inspect inverter
2021-03-18 18:00:00,0.0,0.0,21.66,67.75,71.39,236.58,0.0,0.0,Required,Check wiring
2021-03-19 06:00:00,3.04,16.07,31.82,23.7,42.44,220.42,0.01,18.92,Not Required,Normal operation
2021-03-19 09:00:00,126.79,511.71,38.47,29.79,79.85,221.03,0.57,24.78,Warning,Inspect inverter
2021-03-19 12:00:00,211.56,1251.8,40.65,29.47,75.21,243.0,0.87,16.9,Warning,Minor cleaning suggested
2021-03-19 15:00:00,178.42,737.92,27.72,65.09,46.29,229.14,0.78,24.18,Not Required,Normal operation
2021-03-19 18:00:00,2.16,12.86,43.15,48.21,60.87,229.54,0.01,16.8,Required,Check wiring
2021-03-20 06:00:00,0.0,0.0,25.21,42.82,48.04,241.08,0.0,0.0,Required,Check wiring
2021-03-20 09:00:00,97.04,470.4,23.27,50.45,13.93,240.66,0.4,20.63,Not Required,Normal operation
2021-03-20 12:00:00,436.42,2217.16,34.65,23.11,56.21,249.28,1.75,19.68,Not Required,Normal operation
2021-03-20 15:00:00,224.75,925.13,38.9,57.56,47.82,229.08,0.98,24.29,Warning,Check shading
2021-03-20 18:00:00,0.0,0.0,31.77,44.71,13.29,205.87,0.0,0.0,Required,Clean panels
2021-03-21 06:00:00,0.0,0.0,26.53,77.2,91.61,212.45,0.0,0.0,Required,Check wiring
2021-03-21 09:00:00,118.57,673.52,34.99,59.61,90.3,208.63,0.57,17.6,Required,Cooling system check
2021-03-21 12:00:00,215.37,1269.11,37.67,30.31,5.87,203.03,1.06,16.97,Not Required,Normal operation
2021-03-21 15:00:00,221.27,1269.19,21.87,72.97,72.62,249.9,0.89,17.43,Warning,Check shading
2021-03-21 18:00:00,8.31,49.0,27.24,42.65,48.48,201.34,0.04,16.96,Not Required,Normal operation
2021-03-22 06:00:00,0.0,0.0,35.77,67.31,43.49,222.99,0.0,0.0,Required,Clean panels
2021-03-22 09:00:00,44.73,205.43,22.59,24.21,4.89,234.01,0.19,21.77,Not Required,Normal operation
2021-03-22 12:00:00,271.73,1152.34,34.45,38.11,99.18,249.96,1.09,23.58,Required,Check wiring
2021-03-22 15:00:00,98.36,560.28,37.27,37.8,26.43,230.22,0.43,17.56,Not Required,Normal operation
2021-03-22 18:00:00,7.11,42.56,20.09,52.76,42.58,221.76,0.03,16.71,Not Required,Normal operation
2021-03-23 06:00:00,5.69,27.21,24.14,65.55,85.45,200.53,0.03,20.91,Required,Cooling system check
2021-03-23 09:00:00,115.45,599.97,23.83,20.79,57.79,246.65,0.47,19.24,Not Required,Normal operation
2021-03-23 12:00:00,196.19,1018.65,37.57,23.92,82.4,225.44,0.87,19.26,Required,Cooling system check
2021-03-23 15:00:00,143.98,830.43,40.23,25.61,7.62,249.7,0.58,17.34,Warning,Inspect inverter
2021-03-23 18:00:00,1.85,10.72,43.57,58.66,58.94,227.34,0.01,17.26,Required,Cooling system check
2021-03-24 06:00:00,0.0,0.0,42.08,20.21,90.24,230.63,0.0,0.0,Required,Check wiring
2021-03-24 09:00:00,138.74,679.41,38.16,72.58,79.19,207.17,0.67,20.42,Warning,Inspect inverter
2021-03-24 12:00:00,334.43,1390.24,29.67,69.02,31.67,202.78,1.65,24.06,Not Required,Normal operation
2021-03-24 15:00:00,195.74,845.18,40.89,47.76,59.68,237.69,0.82,23.16,Warning,Inspect inverter
2021-03-24 18:00:00,8.14,42.46,44.76,42.8,40.78,243.35,0.03,19.17,Required,Cooling system check
2021-03-25 06:00:00,0.0,0.0,42.15,47.58,58.89,237.81,0.0,0.0,Required,Cooling system check
2021-03-25 09:00:00,99.69,408.01,40.59,58.62,16.39,216.47,0.46,24.43,Warning,Check shading
2021-03-25 12:00:00,272.34,1275.5,40.11,40.97,3.56,246.25,1.11,21.35,Warning,Inspect inverter
2021-03-25 15:00:00,166.33,970.0,26.37,35.85,65.44,220.05,0.76,17.15,Warning,Minor cleaning suggested
2021-03-25 18:00:00,0.0,0.0,33.21,52.56,91.91,237.87,0.0,0.0,Required,Cooling system check
2021-03-26 06:00:00,0.72,3.75,23.78,39.12,63.47,245.89,0.0,19.2,Warning,Check shading
2021-03-26 09:00:00,140.89,736.05,43.61,62.81,83.6,240.28,0.59,19.14,Required,Check wiring
2021-03-26 12:00:00,343.6,1528.18,28.21,38.78,22.07,229.5,1.5,22.48,Not Required,Normal operation
2021-03-26 15:00:00,109.45,522.24,40.31,35.27,59.64,223.72,0.49,20.96,Warning,Inspect inverter
2021-03-26 18:00:00,8.07,42.09,40.18,39.18,9.64,223.88,0.04,19.17,Warning,Check shading
2021-03-27 06:00:00,0.0,0.0,32.09,61.11,30.5,225.49,0.0,0.0,Required,Check wiring
2021-03-27 09:00:00,50.15,244.82,24.21,23.45,96.17,227.17,0.22,20.48,Required,Check wiring
2021-03-27 12:00:00,306.74,1742.77,23.64,25.76,79.24,222.69,1.38,17.6,Warning,Inspect inverter
2021-03-27 15:00:00,165.45,808.52,41.61,30.7,80.42,228.68,0.72,20.46,Required,Clean panels
2021-03-27 18:00:00,1.87,9.18,27.21,75.03,67.48,228.14,0.01,20.37,Warning,Minor cleaning suggested
2021-03-28 06:00:00,0.0,0.0,21.79,54.7,61.19,241.88,0.0,0.0,Required,Cooling system check
2021-03-28 09:00:00,129.2,578.95,23.58,20.15,18.47,232.75,0.56,22.32,Not Required,Normal operation
2021-03-28 12:00:00,253.75,1386.97,40.53,21.18,43.01,225.07,1.13,18.3,Warning,Minor cleaning suggested
2021-03-28 15:00:00,201.86,1207.29,44.83,21.08,34.07,204.87,0.99,16.72,Required,Cooling system check
2021-03-28 18:00:00,0.0,0.0,20.43,77.13,77.25,202.56,0.0,0.0,Required,Clean panels
2021-03-29 06:00:00,0.0,0.0,44.29,29.71,43.84,207.34,0.0,0.0,Required,Clean panels
2021-03-29 09:00:00,135.99,670.52,41.89,71.67,25.75,243.3,0.56,20.28,Warning,Minor cleaning suggested
2021-03-29 12:00:00,496.4,2034.58,41.09,57.6,21.77,209.27,2.37,24.4,Warning,Inspect inverter
2021-03-29 15:00:00,218.79,1043.3,39.71,68.83,47.65,245.13,0.89,20.97,Warning,Check shading
2021-03-29 18:00:00,1.47,6.15,28.28,25.04,20.19,227.93,0.01,23.9,Not Required,Normal operation
2021-03-30 06:00:00,2.15,9.43,26.92,44.69,87.16,224.76,0.01,22.8,Required,Cooling system check
2021-03-30 09:00:00,104.44,470.71,22.56,26.57,19.65,241.62,0.43,22.19,Not Required,Normal operation
2021-03-30 12:00:00,273.26,1426.5,24.91,38.14,82.17,218.03,1.25,19.16,Required,Cooling system check
2021-03-30 15:00:00,132.28,556.58,43.03,45.59,1.29,242.2,0.55,23.77,Required,Check wiring
2021-03-30 18:00:00,4.04,22.69,23.78,52.1,66.34,243.19,0.02,17.81,Warning,Check shading
2021-03-31 06:00:00,0.0,0.0,39.76,71.23,21.22,219.72,0.0,0.0,Required,Check wiring
2021-03-31 09:00:00,101.65,479.95,29.75,49.48,61.04,223.6,0.45,21.18,Warning,Minor cleaning suggested
2021-03-31 12:00:00,422.84,1759.4,29.52,76.34,60.95,223.22,1.89,24.03,Warning,Inspect inverter
2021-03-31 15:00:00,109.95,567.03,40.23,56.38,54.61,207.01,0.53,19.39,Warning,Check shading
2021-03-31 18:00:00,0.0,0.0,29.93,21.39,31.06,248.08,0.0,0.0,Required,Check wiring
2021-04-01 06:00:00,0.0,0.0,26.41,49.49,19.07,207.61,0.0,0.0,Required,Clean panels
2021-04-01 09:00:00,138.53,595.68,30.81,79.61,86.21,221.81,0.62,23.26,Required,Cooling system check
2021-04-01 12:00:00,335.25,1957.73,20.92,21.27,64.96,226.19,1.48,17.12,Warning,Check shading
2021-04-01 15:00:00,211.4,1153.44,35.1,65.23,62.88,248.44,0.85,18.33,Warning,Minor cleaning suggested
2021-04-01 18:00:00,0.0,0.0,28.77,70.47,33.59,210.85,0.0,0.0,Required,Check wiring
2021-04-02 06:00:00,0.72,4.3,43.99,26.69,72.9,243.16,0.0,16.74,Required,Cooling system check
2021-04-02 09:00:00,66.27,349.64,20.42,79.21,86.45,209.14,0.32,18.95,Required,Check wiring
2021-04-02 12:00:00,273.49,1555.57,30.28,77.39,71.26,225.78,1.21,17.58,Warning,Minor cleaning suggested
2021-04-02 15:00:00,92.1,459.71,35.95,71.39,80.04,247.37,0.37,20.03,Required,Clean panels
2021-04-02 18:00:00,0.0,0.0,44.57,34.21,10.13,215.24,0.0,0.0,Required,Cooling system check
2021-04-03 06:00:00,9.03,43.96,41.98,63.58,39.1,206.69,0.04,20.54,Warning,Minor cleaning suggested
2021-04-03 09:00:00,57.06,257.38,44.7,26.1,25.3,223.7,0.26,22.17,Required,Check wiring
2021-04-03 12:00:00,316.94,1610.6,38.57,41.26,4.07,249.11,1.27,19.68,Warning,Inspect inverter
2021-04-03 15:00:00,209.24,1195.38,24.08,64.5,54.69,215.81,0.97,17.5,Not Required,Normal operation
2021-04-03 18:00:00,0.0,0.0,40.71,28.69,98.09,208.42,0.0,0.0,Required,Cooling system check
2021-04-04 06:00:00,0.0,0.0,42.97,68.05,41.59,241.81,0.0,0.0,Required,Check wiring
2021-04-04 09:00:00,44.82,216.49,20.26,54.66,94.53,217.21,0.21,20.7,Required,Check wiring
2021-04-04 12:00:00,296.44,1313.45,21.59,54.75,76.03,203.41,1.46,22.57,Warning,Check shading
2021-04-04 15:00:00,208.18,1168.34,44.98,57.24,55.46,227.15,0.92,17.82,Required,Cooling system check
2021-04-04 18:00:00,5.48,32.39,41.2,50.58,51.35,206.31,0.03,16.92,Warning,Minor cleaning suggested
2021-04-05 06:00:00,0.0,0.0,31.32,52.87,60.2,232.69,0.0,0.0,Required,Cooling system check
2021-04-05 09:00:00,117.91,570.2,30.83,37.28,4.55,218.9,0.54,20.68,Not Required,Normal operation
2021-04-05 12:00:00,233.82,1098.39,20.81,59.74,38.68,220.28,1.06,21.29,Not Required,Normal operation
2021-04-05 15:00:00,257.27,1361.9,41.06,64.04,3.54,203.53,1.26,18.89,Warning,Minor cleaning suggested
2021-04-05 18:00:00,0.0,0.0,30.89,37.19,22.95,210.58,0.0,0.0,Required,Cooling system check
2021-04-06 06:00:00,0.0,0.0,28.18,63.47,59.51,228.82,0.0,0.0,Required,Cooling system check
2021-04-06 09:00:00,24.29,144.61,23.14,77.05,43.89,201.74,0.12,16.8,Not Required,Normal operation
2021-04-06 12:00:00,218.37,1247.83,39.1,27.64,27.71,218.59,1.0,17.5,Warning,Minor cleaning suggested
2021-04-06 15:00:00,188.31,842.29,35.42,21.09,4.43,214.71,0.88,22.36,Not Required,Normal operation
2021-04-06 18:00:00,0.0,0.0,25.37,48.91,1.05,218.23,0.0,0.0,Required,Check wiring
2021-04-07 06:00:00,0.0,0.0,42.15,60.23,47.6,211.41,0.0,0.0,Required,Clean panels
2021-04-07 09:00:00,73.36,417.44,26.57,30.62,37.25,210.34,0.35,17.57,Not Required,Normal operation
2021-04-07 12:00:00,388.99,2260.93,44.02,38.86,58.04,203.9,1.91,17.2,Required,Clean panels
2021-04-07 15:00:00,217.96,1276.99,39.71,57.02,22.59,229.01,0.95,17.07,Warning,Minor cleaning suggested
2021-04-07 18:00:00,3.86,22.48,21.54,61.49,94.48,201.42,0.02,17.17,Required,Cooling system check
2021-04-08 06:00:00,8.79,36.43,44.28,32.03,60.94,219.05,0.04,24.13,Required,Clean panels
2021-04-08 09:00:00,59.08,347.98,32.05,32.49,8.86,207.78,0.28,16.98,Not Required,Normal operation
2021-04-08 12:00:00,336.93,1509.2,41.8,21.96,93.83,220.01,1.53,22.33,Required,Check wiring
2021-04-08 15:00:00,213.31,1009.19,26.22,61.16,51.53,205.14,1.04,21.14,Not Required,Normal operation
2021-04-08 18:00:00,0.0,0.0,40.88,39.81,90.09,228.48,0.0,0.0,Required,Check wiring
2021-04-09 06:00:00,3.94,17.87,44.27,66.8,1.32,236.18,0.02,22.05,Required,Check wiring
2021-04-09 09:00:00,106.8,635.01,23.35,43.71,79.2,202.83,0.53,16.82,Warning,Check shading
2021-04-09 12:00:00,338.73,1435.73,20.88,48.45,56.16,226.85,1.49,23.59,Not Required,Normal operation
2021-04-09 15:00:00,217.79,1061.42,36.15,38.25,95.26,238.35,0.91,20.52,Required,Check wiring
2021-04-09 18:00:00,9.57,40.44,30.56,33.75,74.2,200.18,0.05,23.66,Warning,Inspect inverter
2021-04-10 06:00:00,0.0,0.0,33.99,29.85,84.97,202.43,0.0,0.0,Required,Clean panels
2021-04-10 09:00:00,32.09,168.82,34.28,55.68,45.37,202.33,0.16,19.01,Not Required,Normal operation
2021-04-10 12:00:00,397.92,1629.33,37.41,26.47,65.01,227.94,1.75,24.42,Warning,Minor cleaning suggested
2021-04-10 15:00:00,227.83,1236.3,21.38,60.59,37.44,223.51,1.02,18.43,Not Required,Normal operation
2021-04-10 18:00:00,6.19,29.35,40.25,29.24,6.83,243.89,0.03,21.09,Warning,Minor cleaning suggested
2021-04-11 06:00:00,0.0,0.0,36.07,31.11,25.86,202.95,0.0,0.0,Required,Check wiring
2021-04-11 09:00:00,48.08,256.55,36.8,24.62,61.05,224.53,0.21,18.74,Warning,Check shading
2021-04-11 12:00:00,486.44,2399.6,23.58,64.94,37.96,201.18,2.42,20.27,Not Required,Normal operation
2021-04-11 15:00:00,130.66,747.23,42.12,33.82,91.37,229.65,0.57,17.49,Required,Clean panels
2021-04-11 18:00:00,0.0,0.0,43.43,32.49,20.73,219.18,0.0,0.0,Required,Check wiring
2021-04-12 06:00:00,0.0,0.0,27.94,62.96,61.35,213.99,0.0,0.0,Required,Clean panels
2021-04-12 09:00:00,72.25,424.65,35.54,70.83,69.68,241.03,0.3,17.01,Warning,Check shading
2021-04-12 12:00:00,376.03,2214.17,43.4,74.33,0.05,240.92,1.56,16.98,Required,Cooling system check
2021-04-12 15:00:00,191.23,1017.11,37.99,51.92,82.2,218.44,0.88,18.8,Required,Cooling system check
2021-04-12 18:00:00,0.0,0.0,29.86,52.53,90.45,213.98,0.0,0.0,Required,Cooling system check
2021-04-13 06:00:00,6.24,32.34,38.32,75.96,91.09,229.68,0.03,19.29,Required,Cooling system check
2021-04-13 09:00:00,47.57,259.98,34.39,24.52,67.92,220.78,0.22,18.3,Warning,Inspect inverter
2021-04-13 12:00:00,235.78,994.31,44.07,33.44,79.66,228.48,1.03,23.71,Required,Cooling system check
2021-04-13 15:00:00,246.64,1414.46,39.15,66.2,41.57,243.8,1.01,17.44,Warning,Minor cleaning suggested
2021-04-13 18:00:00,7.58,33.61,36.03,77.42,30.6,220.99,0.03,22.55,Not Required,Normal operation
2021-04-14 06:00:00,0.0,0.0,22.4,66.67,90.83,229.46,0.0,0.0,Required,Clean panels
2021-04-14 09:00:00,108.44,586.33,37.54,32.89,79.78,213.71,0.51,18.49,Warning,Inspect inverter
2021-04-14 12:00:00,246.1,1368.59,40.48,69.73,11.99,249.54,0.99,17.98,Warning,Minor cleaning suggested
2021-04-14 15:00:00,140.6,688.43,32.73,66.03,42.47,215.61,0.65,20.42,Not Required,Normal operation
2021-04-14 18:00:00,0.0,0.0,26.52,61.9,85.84,236.69,0.0,0.0,Required,Cooling system check
2021-04-15 06:00:00,0.17,0.78,33.72,76.29,78.2,224.44,0.0,21.79,Warning,Check shading
2021-04-15 09:00:00,26.9,159.28,29.08,48.02,48.19,213.94,0.13,16.89,Not Required,Normal operation
2021-04-15 12:00:00,278.04,1587.04,23.94,38.56,14.6,201.6,1.38,17.52,Not Required,Normal operation
2021-04-15 15:00:00,135.05,691.03,24.51,27.88,49.74,227.53,0.59,19.54,Not Required,Normal operation
2021-04-15 18:00:00,4.61,21.79,42.93,35.16,44.9,246.3,0.02,21.16,Required,Clean panels
2021-04-16 06:00:00,4.25,22.76,41.12,55.33,14.95,220.12,0.02,18.67,Warning,Minor cleaning suggested
2021-04-16 09:00:00,123.62,613.06,22.65,79.56,67.56,233.49,0.53,20.16,Warning,Minor cleaning suggested
2021-04-16 12:00:00,399.99,1996.98,28.54,34.91,46.04,203.69,1.96,20.03,Not Required,Normal operation
2021-04-16 15:00:00,166.53,895.91,35.38,53.97,23.05,203.32,0.82,18.59,Not Required,Normal operation
2021-04-16 18:00:00,0.0,0.0,43.22,54.51,8.83,241.92,0.0,0.0,Required,Cooling system check
2021-04-17 06:00:00,1.62,7.62,40.88,79.28,36.17,240.22,0.01,21.26,Warning,Minor cleaning suggested
2021-04-17 09:00:00,103.82,422.33,33.87,33.71,30.44,214.13,0.48,24.58,Not Required,Normal operation
2021-04-17 12:00:00,218.17,1149.85,23.24,58.64,35.87,223.63,0.98,18.97,Not Required,Normal operation
2021-04-17 15:00:00,214.32,1238.24,33.91,61.52,82.82,222.02,0.97,17.31,Required,Check wiring
2021-04-17 18:00:00,4.23,21.51,30.65,26.79,69.37,224.75,0.02,19.67,Warning,Inspect inverter
2021-04-18 06:00:00,0.0,0.0,43.76,58.31,13.28,213.22,0.0,0.0,Required,Cooling system check
2021-04-18 09:00:00,137.91,688.99,42.05,42.53,76.42,229.9,0.6,20.02,Required,Clean panels
2021-04-18 12:00:00,335.46,1744.1,42.38,20.29,9.37,215.19,1.56,19.23,Required,Clean panels
2021-04-18 15:00:00,154.65,771.58,20.53,37.32,87.6,249.94,0.62,20.04,Required,Clean panels
2021-04-18 18:00:00,9.06,53.57,43.9,70.3,32.63,239.27,0.04,16.91,Required,Check wiring
2021-04-19 06:00:00,9.66,56.59,23.52,67.37,30.08,236.05,0.04,17.07,Not Required,Normal operation
2021-04-19 09:00:00,78.02,393.46,26.96,70.48,75.5,235.95,0.33,19.83,Warning,Check shading
2021-04-19 12:00:00,341.35,1892.2,35.17,30.9,25.11,235.34,1.45,18.04,Not Required,Normal operation
2021-04-19 15:00:00,228.3,1321.9,26.18,21.52,51.6,246.12,0.93,17.27,Not Required,Normal operation
2021-04-19 18:00:00,0.0,0.0,42.36,38.82,99.02,224.53,0.0,0.0,Required,Check wiring
2021-04-20 06:00:00,0.0,0.0,33.43,59.92,49.81,248.6,0.0,0.0,Required,Clean panels
2021-04-20 09:00:00,115.02,674.38,24.78,25.92,68.05,235.38,0.49,17.06,Warning,Inspect inverter
2021-04-20 12:00:00,405.76,2044.71,32.64,55.73,1.53,217.77,1.86,19.84,Not Required,Normal operation
2021-04-20 15:00:00,231.25,1331.88,34.89,70.42,66.35,215.82,1.07,17.36,Warning,Inspect inverter
2021-04-20 18:00:00,6.78,35.49,31.62,34.9,91.17,226.5,0.03,19.1,Required,Clean panels
2021-04-21 06:00:00,0.0,0.0,42.18,58.99,41.93,206.07,0.0,0.0,Required,Check wiring
2021-04-21 09:00:00,93.73,538.29,31.1,64.88,79.63,225.3,0.42,17.41,Warning,Minor cleaning suggested
2021-04-21 12:00:00,193.73,1022.38,25.75,56.77,57.9,212.64,0.91,18.95,Not Required,Normal operation
2021-04-21 15:00:00,186.18,825.68,37.81,23.23,43.17,215.24,0.86,22.55,Not Required,Normal operation
2021-04-21 18:00:00,3.27,14.94,40.39,51.53,53.77,209.3,0.02,21.89,Warning,Minor cleaning suggested
2021-04-22 06:00:00,6.39,34.43,44.05,36.61,79.55,246.24,0.03,18.56,Required,Cooling system check
2021-04-22 09:00:00,123.07,673.29,25.09,60.06,53.7,241.5,0.51,18.28,Not Required,Normal operation
2021-04-22 12:00:00,204.47,946.02,41.33,66.19,58.25,219.43,0.93,21.61,Warning,Inspect inverter
2021-04-22 15:00:00,191.43,871.5,21.8,25.79,30.12,236.65,0.81,21.97,Not Required,Normal operation
2021-04-22 18:00:00,0.0,0.0,33.54,32.78,63.88,221.66,0.0,0.0,Required,Check wiring
2021-04-23 06:00:00,0.0,0.0,31.0,35.93,30.38,249.0,0.0,0.0,Required,Clean panels
2021-04-23 09:00:00,146.69,869.25,22.08,67.6,99.25,241.01,0.61,16.88,Required,Check wiring
2021-04-23 12:00:00,437.4,2012.84,26.29,24.0,93.87,221.25,1.98,21.73,Required,Check wiring
2021-04-23 15:00:00,105.88,427.81,26.27,25.49,49.61,214.69,0.49,24.75,Not Required,Normal operation
2021-04-23 18:00:00,0.0,0.0,31.4,78.6,36.8,231.27,0.0,0.0,Required,Cooling system check
2021-04-24 06:00:00,5.36,25.77,32.83,26.31,48.69,241.87,0.02,20.8,Not Required,Normal operation
2021-04-24 09:00:00,67.58,291.75,25.33,37.22,73.47,211.16,0.32,23.16,Warning,Check shading
2021-04-24 12:00:00,334.94,1810.43,34.85,63.41,35.3,231.46,1.45,18.5,Not Required,Normal operation
2021-04-24 15:00:00,160.75,948.85,27.44,34.05,68.89,223.28,0.72,16.94,Warning,Minor cleaning suggested
2021-04-24 18:00:00,0.0,0.0,36.16,35.4,46.87,228.89,0.0,0.0,Required,Cooling system check
2021-04-25 06:00:00,0.0,0.0,36.49,60.61,53.39,235.89,0.0,0.0,Required,Cooling system check
2021-04-25 09:00:00,37.17,184.73,39.25,47.2,98.06,216.41,0.17,20.12,Required,Check wiring
2021-04-25 12:00:00,383.77,2190.26,37.45,45.3,8.62,225.37,1.7,17.52,Not Required,Normal operation
2021-04-25 15:00:00,243.2,998.28,33.38,28.75,84.29,238.41,1.02,24.36,Required,Cooling system check
2021-04-25 18:00:00,0.0,0.0,21.44,28.73,5.11,221.64,0.0,0.0,Required,Clean panels
2021-04-26 06:00:00,0.0,0.0,22.73,32.61,21.31,242.48,0.0,0.0,Required,Clean panels
2021-04-26 09:00:00,66.78,367.82,26.09,26.64,91.83,247.99,0.27,18.16,Required,Cooling system check
2021-04-26 12:00:00,337.49,1669.74,37.19,55.49,18.4,212.34,1.59,20.21,Not Required,Normal operation
2021-04-26 15:00:00,228.62,935.27,44.5,27.64,17.97,232.14,0.98,24.44,Required,Check wiring
2021-04-26 18:00:00,6.38,28.9,26.27,20.38,96.07,239.75,0.03,22.08,Required,Cooling system check
2021-04-27 06:00:00,0.0,0.0,25.29,42.94,7.42,229.43,0.0,0.0,Required,Clean panels
2021-04-27 09:00:00,62.64,280.82,38.47,26.29,74.82,247.9,0.25,22.31,Warning,Minor cleaning suggested
2021-04-27 12:00:00,492.5,2044.18,40.8,23.09,64.5,211.59,2.33,24.09,Warning,Check shading
2021-04-27 15:00:00,157.43,819.86,24.9,71.02,35.45,221.47,0.71,19.2,Not Required,Normal operation
2021-04-27 18:00:00,8.51,41.57,36.29,54.8,11.58,246.12,0.03,20.47,Not Required,Normal operation
2021-04-28 06:00:00,6.08,28.63,41.26,48.11,13.1,200.36,0.03,21.24,Warning,Check shading
2021-04-28 09:00:00,156.33,707.4,38.84,28.61,17.92,234.31,0.67,22.1,Warning,Minor cleaning suggested
2021-04-28 12:00:00,492.56,2106.26,40.46,43.29,21.1,235.08,2.1,23.39,Warning,Minor cleaning suggested
2021-04-28 15:00:00,193.92,1031.98,23.36,32.41,35.78,207.59,0.93,18.79,Not Required,Normal operation
2021-04-28 18:00:00,0.0,0.0,43.73,52.32,13.83,236.48,0.0,0.0,Required,Clean panels
2021-04-29 06:00:00,1.3,6.67,37.16,70.42,43.36,224.26,0.01,19.49,Not Required,Normal operation
2021-04-29 09:00:00,103.8,427.03,36.56,51.94,3.15,211.98,0.49,24.31,Not Required,Normal operation
2021-04-29 12:00:00,387.94,1619.68,21.02,41.85,19.38,236.83,1.64,23.95,Not Required,Normal operation
2021-04-29 15:00:00,153.93,891.64,28.69,66.33,40.06,204.23,0.75,17.26,Not Required,Normal operation
2021-04-29 18:00:00,8.89,43.72,42.29,40.46,25.4,206.64,0.04,20.33,Required,Check wiring
2021-04-30 06:00:00,0.0,0.0,34.82,68.12,54.99,245.02,0.0,0.0,Required,Check wiring
2021-04-30 09:00:00,111.88,491.87,43.81,74.93,52.98,226.29,0.49,22.75,Required,Check wiring
2021-04-30 12:00:00,210.46,1034.9,22.82,32.11,73.9,221.31,0.95,20.34,Warning,Inspect inverter
2021-04-30 15:00:00,105.17,532.64,28.26,44.98,67.98,237.94,0.44,19.75,Warning,Check shading
2021-04-30 18:00:00,9.49,48.8,31.39,28.49,70.07,212.68,0.04,19.45,Warning,Inspect inverter
2021-05-01 06:00:00,0.0,0.0,20.26,64.85,92.8,216.37,0.0,0.0,Required,Check wiring
2021-05-01 09:00:00,36.55,204.23,25.56,42.73,12.12,247.25,0.15,17.9,Not Required,Normal operation
2021-05-01 12:00:00,279.06,1126.86,40.48,44.86,30.56,236.26,1.18,24.76,Warning,Minor cleaning suggested
2021-05-01 15:00:00,192.75,1043.88,34.9,26.69,39.86,226.85,0.85,18.46,Not Required,Normal operation
2021-05-01 18:00:00,0.0,0.0,40.08,47.4,34.14,224.1,0.0,0.0,Required,Clean panels
2021-05-02 06:00:00,0.0,0.0,44.71,40.6,94.57,214.86,0.0,0.0,Required,Check wiring
2021-05-02 09:00:00,106.3,530.65,43.43,22.32,21.93,204.88,0.52,20.03,Required,Clean panels
2021-05-02 12:00:00,200.96,973.22,40.16,61.95,47.05,221.38,0.91,20.65,Warning,Minor cleaning suggested
2021-05-02 15:00:00,123.84,606.48,29.02,23.16,70.4,211.41,0.59,20.42,Warning,Inspect inverter
2021-05-02 18:00:00,0.0,0.0,26.62,27.77,8.98,239.87,0.0,0.0,Required,Clean panels
2021-05-03 06:00:00,6.43,35.11,33.27,67.78,31.79,230.62,0.03,18.31,Not Required,Normal operation
2021-05-03 09:00:00,53.18,301.33,31.99,53.08,84.62,236.64,0.22,17.65,Required,Clean panels
2021-05-03 12:00:00,386.91,2043.57,41.89,63.7,78.75,229.29,1.69,18.93,Warning,Inspect inverter
2021-05-03 15:00:00,122.48,540.45,21.23,38.59,47.21,247.14,0.5,22.66,Not Required,Normal operation
2021-05-03 18:00:00,0.0,0.0,34.71,47.61,7.38,201.68,0.0,0.0,Required,Clean panels
2021-05-04 06:00:00,0.0,0.0,35.25,66.29,61.18,240.63,0.0,0.0,Required,Clean panels
2021-05-04 09:00:00,47.62,254.38,25.58,55.91,47.3,200.46,0.24,18.72,Not Required,Normal operation
2021-05-04 12:00:00,381.23,2035.15,21.76,72.45,46.7,214.21,1.78,18.73,Not Required,Normal operation
2021-05-04 15:00:00,132.32,656.29,23.47,54.15,79.0,230.16,0.57,20.16,Warning,Inspect inverter
2021-05-04 18:00:00,0.24,1.12,22.96,56.5,12.61,245.96,0.0,21.43,Not Required,Normal operation
2021-05-05 06:00:00,8.68,45.5,29.8,58.57,98.23,228.34,0.04,19.08,Required,Cooling system check
2021-05-05 09:00:00,124.89,547.92,22.31,46.19,42.52,209.89,0.6,22.79,Not Required,Normal operation
2021-05-05 12:00:00,342.68,1877.51,35.76,61.1,49.75,244.99,1.4,18.25,Not Required,Normal operation
2021-05-05 15:00:00,237.38,1347.51,28.01,31.85,89.07,245.51,0.97,17.62,Required,Clean panels
2021-05-05 18:00:00,0.0,0.0,24.74,67.21,87.71,223.93,0.0,0.0,Required,Cooling system check
2021-05-06 06:00:00,0.0,0.0,34.03,44.31,42.38,241.98,0.0,0.0,Required,Clean panels
2021-05-06 09:00:00,109.57,481.71,44.97,77.41,5.9,200.73,0.55,22.75,Required,Cooling system check
2021-05-06 12:00:00,421.49,2189.24,39.3,60.6,2.69,222.28,1.9,19.25,Warning,Inspect inverter
2021-05-06 15:00:00,140.51,650.35,36.38,39.41,32.26,235.99,0.6,21.61,Not Required,Normal operation
2021-05-06 18:00:00,0.0,0.0,21.57,61.17,87.73,222.57,0.0,0.0,Required,Clean panels
2021-05-07 06:00:00,6.99,31.24,30.34,53.24,10.75,216.03,0.03,22.38,Not Required,Normal operation
2021-05-07 09:00:00,52.63,302.98,31.71,29.26,37.54,243.71,0.22,17.37,Not Required,Normal operation
2021-05-07 12:00:00,370.51,1803.4,43.78,39.1,64.42,204.55,1.81,20.55,Required,Cooling system check
2021-05-07 15:00:00,193.17,1020.3,33.05,77.06,0.16,239.64,0.81,18.93,Not Required,Normal operation
2021-05-07 18:00:00,9.39,56.2,44.0,57.53,76.78,212.26,0.04,16.71,Required,Clean panels
2021-05-08 06:00:00,5.95,35.62,31.0,75.62,81.5,229.58,0.03,16.7,Required,Clean panels
2021-05-08 09:00:00,69.4,279.83,31.29,75.82,65.94,222.68,0.31,24.8,Warning,Minor cleaning suggested
2021-05-08 12:00:00,239.35,1278.43,37.59,65.35,89.71,234.7,1.02,18.72,Required,Check wiring
2021-05-08 15:00:00,149.96,677.23,42.23,75.57,38.36,233.71,0.64,22.14,Required,Cooling system check
2021-05-08 18:00:00,0.0,0.0,36.73,64.59,67.7,218.52,0.0,0.0,Required,Cooling system check
2021-05-09 06:00:00,8.65,45.97,28.5,36.17,67.18,220.88,0.04,18.82,Warning,Minor cleaning suggested
2021-05-09 09:00:00,74.0,421.17,25.02,68.64,26.14,228.43,0.32,17.57,Not Required,Normal operation
2021-05-09 12:00:00,493.27,2357.92,21.71,40.13,3.72,238.93,2.06,20.92,Not Required,Normal operation
2021-05-09 15:00:00,125.59,584.39,27.23,27.09,32.23,222.22,0.57,21.49,Not Required,Normal operation
2021-05-09 18:00:00,0.0,0.0,28.96,38.92,3.23,236.36,0.0,0.0,Required,Check wiring
2021-05-10 06:00:00,0.0,0.0,43.56,28.84,95.95,224.17,0.0,0.0,Required,Clean panels
2021-05-10 09:00:00,28.02,161.4,20.71,36.16,2.43,248.26,0.11,17.36,Not Required,Normal operation
2021-05-10 12:00:00,260.89,1350.51,29.87,69.89,22.1,240.1,1.09,19.32,Not Required,Normal operation
2021-05-10 15:00:00,189.77,799.02,24.23,76.84,45.88,240.08,0.79,23.75,Not Required,Normal operation
2021-05-10 18:00:00,0.0,0.0,23.1,69.57,57.13,212.04,0.0,0.0,Required,Check wiring
2021-05-11 06:00:00,0.0,0.0,44.23,20.55,83.99,238.24,0.0,0.0,Required,Cooling system check
2021-05-11 09:00:00,61.19,318.97,20.11,66.67,71.91,205.9,0.3,19.18,Warning,Check shading
2021-05-11 12:00:00,419.59,2022.71,37.45,34.3,5.7,202.94,2.07,20.74,Not Required,Normal operation
2021-05-11 15:00:00,157.63,746.74,24.46,21.51,51.52,212.42,0.74,21.11,Not Required,Normal operation
2021-05-11 18:00:00,7.08,37.23,40.4,52.59,70.07,218.98,0.03,19.02,Warning,Minor cleaning suggested
2021-05-12 06:00:00,0.77,3.08,23.1,73.2,38.75,220.59,0.0,25.0,Not Required,Normal operation
2021-05-12 09:00:00,60.38,272.38,23.24,27.47,56.92,236.49,0.26,22.17,Not Required,Normal operation
2021-05-12 12:00:00,406.92,2368.69,21.45,53.14,26.79,228.61,1.78,17.18,Not Required,Normal operation
2021-05-12 15:00:00,162.73,893.39,33.38,24.29,61.38,233.42,0.7,18.21,Warning,Inspect inverter
2021-05-12 18:00:00,7.13,33.7,28.31,40.7,13.62,232.21,0.03,21.16,Not Required,Normal operation
2021-05-13 06:00:00,0.0,0.0,27.49,36.1,28.33,226.08,0.0,0.0,Required,Clean panels
2021-05-13 09:00:00,58.88,302.85,41.04,31.52,57.26,213.35,0.28,19.44,Warning,Check shading
2021-05-13 12:00:00,325.04,1895.99,29.63,59.77,53.68,228.8,1.42,17.14,Not Required,Normal operation
2021-05-13 15:00:00,200.2,922.53,31.21,32.91,10.07,214.56,0.93,21.7,Not Required,Normal operation
2021-05-13 18:00:00,3.27,18.44,25.6,52.12,29.98,204.78,0.02,17.73,Not Required,Normal operation
2021-05-14 06:00:00,4.4,21.04,40.78,54.57,94.17,221.9,0.02,20.91,Required,Cooling system check
2021-05-14 09:00:00,41.29,165.21,32.91,70.63,88.37,242.58,0.17,24.99,Required,Cooling system check
2021-05-14 12:00:00,306.29,1242.0,36.81,77.36,94.5,207.03,1.48,24.66,Required,Check wiring
2021-05-14 15:00:00,144.14,770.88,43.04,63.98,93.67,216.85,0.66,18.7,Required,Cooling system check
2021-05-14 18:00:00,0.0,0.0,40.49,22.26,11.97,209.95,0.0,0.0,Required,Cooling system check
2021-05-15 06:00:00,5.44,29.65,35.9,63.54,47.56,227.75,0.02,18.35,Not Required,Normal operation
2021-05-15 09:00:00,139.89,722.25,20.77,33.19,10.47,214.63,0.65,19.37,Not Required,Normal operation
2021-05-15 12:00:00,346.28,1536.15,22.36,65.61,60.67,210.51,1.64,22.54,Warning,Minor cleaning suggested
2021-05-15 15:00:00,221.33,1312.73,41.69,45.61,80.38,210.8,1.05,16.86,Required,Check wiring
2021-05-15 18:00:00,0.0,0.0,36.2,20.09,50.81,228.54,0.0,0.0,Required,Clean panels
2021-05-16 06:00:00,0.0,0.0,44.96,79.57,71.19,243.71,0.0,0.0,Required,Clean panels
2021-05-16 09:00:00,112.14,580.86,44.88,51.61,74.25,235.78,0.48,19.31,Required,Cooling system check
2021-05-16 12:00:00,351.77,1490.45,33.63,55.46,51.9,206.47,1.7,23.6,Not Required,Normal operation
2021-05-16 15:00:00,158.48,894.33,22.34,24.18,99.09,217.57,0.73,17.72,Required,Cooling system check
2021-05-16 18:00:00,2.24,12.06,35.33,68.4,50.53,201.96,0.01,18.57,Not Required,Normal operation
2021-05-17 06:00:00,0.0,0.0,25.69,43.1,94.45,220.94,0.0,0.0,Required,Cooling system check
2021-05-17 09:00:00,64.65,270.91,33.86,68.94,2.69,202.18,0.32,23.86,Not Required,Normal operation
2021-05-17 12:00:00,310.75,1741.73,23.7,26.35,70.67,243.4,1.28,17.84,Warning,Inspect inverter
2021-05-17 15:00:00,177.12,861.95,31.1,34.01,20.4,221.16,0.8,20.55,Not Required,Normal operation
2021-05-17 18:00:00,0.0,0.0,42.58,79.07,95.14,222.12,0.0,0.0,Required,Clean panels
2021-05-18 06:00:00,0.0,0.0,20.77,50.43,36.18,239.13,0.0,0.0,Required,Check wiring
2021-05-18 09:00:00,139.01,786.42,29.85,79.1,4.97,240.41,0.58,17.68,Not Required,Normal operation
2021-05-18 12:00:00,200.53,1033.67,43.46,76.9,68.44,247.27,0.81,19.4,Required,Clean panels
2021-05-18 15:00:00,237.83,963.59,30.32,55.28,44.68,225.87,1.05,24.68,Not Required,Normal operation
2021-05-18 18:00:00,0.23,0.95,41.11,52.53,37.32,200.91,0.0,24.21,Warning,Check shading
2021-05-19 06:00:00,8.69,37.43,40.89,52.86,90.92,209.74,0.04,23.22,Required,Check wiring
2021-05-19 09:00:00,66.52,300.57,27.59,33.03,90.16,221.23,0.3,22.13,Required,Check wiring
2021-05-19 12:00:00,327.33,1845.64,27.49,40.25,82.4,249.01,1.31,17.74,Required,Cooling system check
2021-05-19 15:00:00,210.43,1126.31,37.72,47.1,30.64,242.26,0.87,18.68,Not Required,Normal operation
2021-05-19 18:00:00,0.0,0.0,20.27,59.89,38.78,236.08,0.0,0.0,Required,Check wiring
2021-05-20 06:00:00,0.0,0.0,31.91,69.78,96.07,214.08,0.0,0.0,Required,Clean panels
2021-05-20 09:00:00,46.12,216.18,22.23,63.02,76.05,229.58,0.2,21.33,Warning,Minor cleaning suggested
2021-05-20 12:00:00,285.07,1204.21,38.11,30.99,31.96,221.19,1.29,23.67,Warning,Check shading
2021-05-20 15:00:00,208.54,961.29,35.37,75.97,51.47,202.35,1.03,21.69,Not Required,Normal operation
2021-05-20 18:00:00,4.26,24.18,23.53,52.76,9.99,238.39,0.02,17.62,Not Required,Normal operation
2021-05-21 06:00:00,0.0,0.0,30.39,47.63,25.62,237.17,0.0,0.0,Required,Cooling system check
2021-05-21 09:00:00,38.22,186.63,32.11,75.38,23.44,227.34,0.17,20.48,Not Required,Normal operation
2021-05-21 12:00:00,245.63,1157.31,34.84,40.46,60.89,206.78,1.19,21.22,Warning,Inspect inverter
2021-05-21 15:00:00,157.12,750.08,24.95,29.9,67.18,242.19,0.65,20.95,Warning,Minor cleaning suggested
2021-05-21 18:00:00,2.71,15.88,26.36,39.98,65.73,226.96,0.01,17.07,Warning,Check shading
2021-05-22 06:00:00,0.0,0.0,37.38,75.05,99.48,211.34,0.0,0.0,Required,Cooling system check
2021-05-22 09:00:00,124.55,694.52,39.73,71.64,54.14,214.82,0.58,17.93,Warning,Minor cleaning suggested
2021-05-22 12:00:00,352.54,2016.93,26.29,66.39,43.87,212.67,1.66,17.48,Not Required,Normal operation
2021-05-22 15:00:00,167.5,833.01,40.97,53.03,94.22,227.12,0.74,20.11,Required,Clean panels
2021-05-22 18:00:00,7.3,31.15,27.8,61.83,47.2,236.41,0.03,23.43,Not Required,Normal operation
2021-05-23 06:00:00,0.0,0.0,38.08,65.26,74.19,217.15,0.0,0.0,Required,Check wiring
2021-05-23 09:00:00,127.74,715.71,30.21,42.99,78.1,228.13,0.56,17.85,Warning,Inspect inverter
2021-05-23 12:00:00,429.94,1948.21,32.22,47.2,74.24,207.85,2.07,22.07,Warning,Inspect inverter
2021-05-23 15:00:00,213.51,1176.21,37.78,55.63,56.46,238.39,0.9,18.15,Not Required,Normal operation
2021-05-23 18:00:00,0.0,0.0,24.18,30.83,9.98,209.43,0.0,0.0,Required,Clean panels
2021-05-24 06:00:00,0.0,0.0,35.75,42.8,34.79,227.07,0.0,0.0,Required,Clean panels
2021-05-24 09:00:00,142.61,782.54,38.61,47.2,44.07,248.9,0.57,18.22,Warning,Check shading
2021-05-24 12:00:00,485.95,2420.78,37.88,35.33,36.24,218.39,2.23,20.07,Not Required,Normal operation
2021-05-24 15:00:00,173.24,818.71,42.96,77.27,16.49,229.46,0.75,21.16,Required,Check wiring
2021-05-24 18:00:00,0.0,0.0,23.47,54.5,20.25,243.65,0.0,0.0,Required,Check wiring
2021-05-25 06:00:00,7.51,44.5,30.44,42.65,73.08,221.01,0.03,16.88,Warning,Minor cleaning suggested
2021-05-25 09:00:00,100.69,536.63,39.64,42.15,58.57,202.18,0.5,18.76,Warning,Minor cleaning suggested
2021-05-25 12:00:00,489.68,2013.21,40.22,61.03,61.82,216.66,2.26,24.32,Warning,Check shading
2021-05-25 15:00:00,144.63,783.57,21.06,48.56,52.19,242.81,0.6,18.46,Not Required,Normal operation
2021-05-25 18:00:00,2.45,11.8,32.86,54.01,43.58,206.39,0.01,20.76,Not Required,Normal operation
2021-05-26 06:00:00,0.0,0.0,25.37,25.89,12.68,232.59,0.0,0.0,Required,Cooling system check
2021-05-26 09:00:00,80.05,385.11,42.71,42.28,29.89,240.03,0.33,20.79,Required,Check wiring
2021-05-26 12:00:00,465.72,2715.15,23.2,26.82,3.59,244.25,1.91,17.15,Not Required,Normal operation
2021-05-26 15:00:00,247.92,1442.15,33.16,66.98,99.07,248.12,1.0,17.19,Required,Clean panels
2021-05-26 18:00:00,6.38,31.31,39.78,61.93,59.78,218.0,0.03,20.38,Warning,Minor cleaning suggested
2021-05-27 06:00:00,0.0,0.0,30.88,45.87,17.24,224.25,0.0,0.0,Required,Cooling system check
2021-05-27 09:00:00,84.76,407.94,25.54,36.4,80.29,212.18,0.4,20.78,Required,Check wiring
2021-05-27 12:00:00,321.86,1487.09,20.25,41.9,99.9,208.84,1.54,21.64,Required,Clean panels
2021-05-27 15:00:00,111.01,645.17,40.46,59.37,91.95,239.59,0.46,17.21,Required,Check wiring
2021-05-27 18:00:00,0.0,0.0,43.77,56.95,56.88,238.14,0.0,0.0,Required,Check wiring
2021-05-28 06:00:00,0.0,0.0,34.61,73.49,48.23,201.64,0.0,0.0,Required,Clean panels
2021-05-28 09:00:00,58.59,310.92,31.63,40.16,49.22,230.78,0.25,18.84,Not Required,Normal operation
2021-05-28 12:00:00,348.42,1601.99,38.05,57.59,65.21,207.94,1.68,21.75,Warning,Minor cleaning suggested
2021-05-28 15:00:00,106.74,520.6,29.68,71.28,53.92,213.3,0.5,20.5,Not Required,Normal operation
2021-05-28 18:00:00,0.0,0.0,31.25,66.26,28.54,242.52,0.0,0.0,Required,Cooling system check
2021-05-29 06:00:00,0.0,0.0,23.79,25.83,15.44,204.19,0.0,0.0,Required,Check wiring
2021-05-29 09:00:00,65.34,271.67,35.76,79.56,65.06,222.88,0.29,24.05,Warning,Inspect inverter
2021-05-29 12:00:00,284.54,1211.83,30.59,77.51,63.1,238.66,1.19,23.48,Warning,Check shading
2021-05-29 15:00:00,158.87,934.66,29.63,69.52,61.92,235.69,0.67,17.0,Warning,Check shading
2021-05-29 18:00:00,0.0,0.0,34.91,37.26,36.46,210.58,0.0,0.0,Required,Cooling system check
2021-05-30 06:00:00,6.56,26.88,26.77,37.53,5.15,233.07,0.03,24.4,Not Required,Normal operation
2021-05-30 09:00:00,148.33,647.68,41.17,72.69,18.14,212.65,0.7,22.9,Warning,Minor cleaning suggested
2021-05-30 12:00:00,313.95,1675.75,40.94,32.55,56.42,201.25,1.56,18.73,Warning,Inspect inverter
2021-05-30 15:00:00,222.08,922.9,34.84,41.45,88.59,236.86,0.94,24.06,Required,Check wiring
2021-05-30 18:00:00,0.86,3.79,29.71,20.88,86.34,218.44,0.0,22.69,Required,Check wiring
2021-05-31 06:00:00,0.0,0.0,35.46,40.16,4.77,217.05,0.0,0.0,Required,Check wiring
2021-05-31 09:00:00,62.72,323.99,44.38,33.99,32.67,233.87,0.27,19.36,Required,Clean panels
2021-05-31 12:00:00,218.27,1061.45,34.63,64.4,8.38,246.21,0.89,20.56,Not Required,Normal operation
2021-05-31 15:00:00,146.34,637.42,44.22,29.59,74.79,238.74,0.61,22.96,Required,Clean panels
2021-05-31 18:00:00,8.82,51.96,24.41,65.27,77.59,240.73,0.04,16.97,Warning,Inspect inverter
2021-06-01 06:00:00,8.98,45.42,23.69,54.08,34.98,243.07,0.04,19.77,Not Required,Normal operation
2021-06-01 09:00:00,73.78,322.84,39.28,75.75,89.49,226.43,0.33,22.85,Required,Cooling system check
2021-06-01 12:00:00,316.83,1599.65,29.3,39.66,42.85,238.19,1.33,19.81,Not Required,Normal operation
2021-06-01 15:00:00,184.94,917.93,23.48,42.39,48.75,200.05,0.92,20.15,Not Required,Normal operation
2021-06-01 18:00:00,3.44,16.44,30.97,72.46,85.07,210.74,0.02,20.92,Required,Cooling system check
2021-06-02 06:00:00,0.0,0.0,38.19,56.98,65.27,238.96,0.0,0.0,Required,Check wiring
2021-06-02 09:00:00,70.59,354.43,40.35,65.6,47.37,202.67,0.35,19.92,Warning,Check shading
2021-06-02 12:00:00,214.65,1113.65,40.77,44.75,50.59,236.73,0.91,19.27,Warning,Minor cleaning suggested
2021-06-02 15:00:00,134.72,589.23,30.7,60.06,3.22,205.76,0.65,22.86,Not Required,Normal operation
2021-06-02 18:00:00,7.21,31.52,26.45,60.98,74.04,229.65,0.03,22.87,Warning,Inspect inverter
2021-06-03 06:00:00,0.0,0.0,23.14,32.36,30.68,200.96,0.0,0.0,Required,Clean panels
2021-06-03 09:00:00,60.68,283.88,30.45,21.39,25.48,240.97,0.25,21.38,Not Required,Normal operation
2021-06-03 12:00:00,353.98,1602.84,26.36,29.47,37.76,238.09,1.49,22.08,Not Required,Normal operation
2021-06-03 15:00:00,169.2,724.65,28.34,78.01,97.49,217.36,0.78,23.35,Required,Clean panels
2021-06-03 18:00:00,0.0,0.0,43.24,23.22,42.94,217.32,0.0,0.0,Required,Clean panels
2021-06-04 06:00:00,8.46,46.77,25.9,33.05,5.92,232.32,0.04,18.09,Not Required,Normal operation
2021-06-04 09:00:00,64.56,328.56,27.48,54.16,51.22,221.94,0.29,19.65,Not Required,Normal operation
2021-06-04 12:00:00,226.07,1340.21,20.63,26.96,23.81,212.09,1.07,16.87,Not Required,Normal operation
2021-06-04 15:00:00,153.18,862.09,44.15,63.24,33.84,224.67,0.68,17.77,Required,Clean panels
2021-06-04 18:00:00,0.0,0.0,31.45,49.94,30.28,207.46,0.0,0.0,Required,Check wiring
2021-06-05 06:00:00,7.6,38.67,41.97,67.6,40.63,239.01,0.03,19.65,Warning,Minor cleaning suggested
2021-06-05 09:00:00,100.14,418.26,38.3,30.04,79.09,230.39,0.43,23.94,Warning,Inspect inverter
2021-06-05 12:00:00,376.79,1785.82,29.52,69.89,36.41,206.3,1.83,21.1,Not Required,Normal operation
2021-06-05 15:00:00,141.33,639.38,30.72,40.02,47.42,220.27,0.64,22.1,Not Required,Normal operation
2021-06-05 18:00:00,4.72,22.74,28.87,63.32,83.97,231.23,0.02,20.76,Required,Cooling system check
2021-06-06 06:00:00,0.0,0.0,40.13,61.05,90.75,226.66,0.0,0.0,Required,Check wiring
2021-06-06 09:00:00,130.01,627.37,23.82,21.51,1.97,222.15,0.59,20.72,Not Required,Normal operation
2021-06-06 12:00:00,441.86,2095.63,24.58,38.09,78.34,242.7,1.82,21.08,Warning,Minor cleaning suggested
2021-06-06 15:00:00,147.5,765.12,40.31,69.68,92.08,211.43,0.7,19.28,Required,Clean panels
2021-06-06 18:00:00,0.0,0.0,33.45,61.52,60.28,235.7,0.0,0.0,Required,Clean panels
2021-06-07 06:00:00,1.64,7.84,28.84,39.07,64.03,241.7,0.01,20.92,Warning,Check shading
2021-06-07 09:00:00,79.57,425.3,31.32,34.51,10.44,248.88,0.32,18.71,Not Required,Normal operation
2021-06-07 12:00:00,452.12,2293.73,41.85,71.82,58.07,245.37,1.84,19.71,Warning,Minor cleaning suggested
2021-06-07 15:00:00,103.25,440.41,43.95,79.1,50.68,224.26,0.46,23.44,Required,Clean panels
2021-06-07 18:00:00,0.0,0.0,33.19,21.89,44.18,244.26,0.0,0.0,Required,Check wiring
2021-06-08 06:00:00,8.66,40.2,27.97,56.94,37.79,232.1,0.04,21.54,Not Required,Normal operation
2021-06-08 09:00:00,120.33,562.11,39.93,31.22,98.68,222.14,0.54,21.41,Required,Check wiring
2021-06-08 12:00:00,332.13,1728.12,43.98,75.83,14.42,246.67,1.35,19.22,Required,Cooling system check
2021-06-08 15:00:00,219.11,971.53,21.16,78.08,57.77,237.3,0.92,22.55,Not Required,Normal operation
2021-06-08 18:00:00,0.0,0.0,29.45,52.87,85.7,202.76,0.0,0.0,Required,Clean panels
2021-06-09 06:00:00,0.0,0.0,28.92,21.83,54.91,236.32,0.0,0.0,Required,Clean panels
2021-06-09 09:00:00,107.74,516.68,36.98,70.53,99.61,218.28,0.49,20.85,Required,Check wiring
2021-06-09 12:00:00,366.13,2000.2,41.1,32.6,74.66,211.23,1.73,18.3,Warning,Minor cleaning suggested
2021-06-09 15:00:00,186.45,907.65,28.86,64.17,86.02,220.99,0.84,20.54,Required,Clean panels
2021-06-09 18:00:00,2.28,13.31,23.52,45.81,56.63,232.39,0.01,17.13,Not Required,Normal operation
2021-06-10 06:00:00,0.0,0.0,31.03,61.65,69.91,225.23,0.0,0.0,Required,Clean panels
2021-06-10 09:00:00,47.85,283.9,22.12,74.79,56.21,233.74,0.2,16.85,Not Required,Normal operation
2021-06-10 12:00:00,315.52,1869.98,41.15,67.17,68.93,245.69,1.28,16.87,Warning,Inspect inverter
2021-06-10 15:00:00,198.55,1155.49,44.72,59.98,96.49,239.74,0.83,17.18,Required,Cooling system check
2021-06-10 18:00:00,1.5,6.7,26.53,37.11,43.64,220.39,0.01,22.39,Not Required,Normal operation
2021-06-11 06:00:00,0.0,0.0,42.85,21.6,48.13,248.16,0.0,0.0,Required,Clean panels
2021-06-11 09:00:00,49.55,235.24,40.39,47.25,94.43,216.35,0.23,21.06,Required,Cooling system check
2021-06-11 12:00:00,311.48,1540.56,36.64,75.64,36.01,236.75,1.32,20.22,Not Required,Normal operation
2021-06-11 15:00:00,142.45,740.52,33.46,67.13,25.78,203.31,0.7,19.24,Not Required,Normal operation
2021-06-11 18:00:00,0.0,0.0,22.51,27.98,57.57,203.17,0.0,0.0,Required,Cooling system check
2021-06-12 06:00:00,0.21,0.99,39.83,22.26,57.82,243.59,0.0,21.21,Warning,Check shading
2021-06-12 09:00:00,122.28,563.5,42.78,57.99,3.83,204.98,0.6,21.7,Required,Cooling system check
2021-06-12 12:00:00,493.75,2549.31,24.05,56.71,15.96,236.83,2.08,19.37,Not Required,Normal operation
2021-06-12 15:00:00,138.48,554.68,22.22,68.03,27.32,222.0,0.62,24.97,Not Required,Normal operation
2021-06-12 18:00:00,0.0,0.0,23.81,34.08,57.94,244.09,0.0,0.0,Required,Check wiring
2021-06-13 06:00:00,0.0,0.0,40.33,46.55,2.66,237.12,0.0,0.0,Required,Cooling system check
2021-06-13 09:00:00,134.72,699.79,38.51,63.72,75.8,235.51,0.57,19.25,Warning,Check shading
2021-06-13 12:00:00,227.32,1197.58,37.83,68.74,63.74,201.9,1.13,18.98,Warning,Inspect inverter
2021-06-13 15:00:00,180.13,988.98,36.27,75.67,53.89,222.4,0.81,18.21,Not Required,Normal operation
2021-06-13 18:00:00,3.16,16.05,23.96,47.62,27.01,200.12,0.02,19.69,Not Required,Normal operation
2021-06-14 06:00:00,8.27,35.1,23.96,69.06,59.05,201.86,0.04,23.56,Not Required,Normal operation
2021-06-14 09:00:00,128.49,592.19,25.68,54.37,90.95,220.92,0.58,21.7,Required,Cooling system check
2021-06-14 12:00:00,491.4,2464.11,28.81,58.97,29.56,209.25,2.35,19.94,Not Required,Normal operation
2021-06-14 15:00:00,173.56,763.22,43.83,28.91,21.26,226.73,0.77,22.74,Required,Check wiring
2021-06-14 18:00:00,3.76,17.92,37.31,46.24,23.63,202.17,0.02,20.98,Not Required,Normal operation
2021-06-15 06:00:00,0.0,0.0,35.82,41.9,34.23,204.52,0.0,0.0,Required,Check wiring
2021-06-15 09:00:00,103.5,550.86,27.9,38.98,14.45,237.78,0.44,18.79,Not Required,Normal operation
2021-06-15 12:00:00,310.92,1841.06,40.98,22.4,98.07,236.72,1.31,16.89,Required,Cooling system check
2021-06-15 15:00:00,147.48,788.58,38.39,63.92,42.55,238.04,0.62,18.7,Warning,Inspect inverter
2021-06-15 18:00:00,0.0,0.0,37.53,57.16,78.79,200.66,0.0,0.0,Required,Clean panels
2021-06-16 06:00:00,0.0,0.0,34.37,34.4,70.38,232.87,0.0,0.0,Required,Clean panels
2021-06-16 09:00:00,73.72,299.88,43.07,53.04,31.23,234.23,0.31,24.58,Required,Cooling system check
2021-06-16 12:00:00,290.59,1609.21,39.06,25.89,6.86,233.55,1.24,18.06,Warning,Inspect inverter
2021-06-16 15:00:00,130.06,564.02,34.15,23.58,62.02,217.82,0.6,23.06,Warning,Inspect inverter
2021-06-16 18:00:00,8.85,41.61,23.03,24.27,55.65,230.07,0.04,21.27,Not Required,Normal operation
2021-06-17 06:00:00,0.0,0.0,20.97,76.37,92.71,219.13,0.0,0.0,Required,Cooling system check
2021-06-17 09:00:00,129.27,726.53,27.88,60.08,84.05,200.04,0.65,17.79,Required,Cooling system check
2021-06-17 12:00:00,323.73,1572.66,33.98,23.06,22.43,200.42,1.62,20.58,Not Required,Normal operation
2021-06-17 15:00:00,127.23,661.96,36.07,50.13,29.74,227.01,0.56,19.22,Not Required,Normal operation
2021-06-17 18:00:00,7.04,39.78,43.52,74.14,49.64,208.37,0.03,17.7,Required,Check wiring
2021-06-18 06:00:00,7.68,32.99,25.13,40.34,56.12,232.45,0.03,23.28,Not Required,Normal operation
2021-06-18 09:00:00,135.46,548.21,40.23,64.23,40.65,202.91,0.67,24.71,Warning,Inspect inverter
2021-06-18 12:00:00,465.71,2738.64,40.67,37.58,90.09,221.93,2.1,17.01,Required,Clean panels
2021-06-18 15:00:00,164.94,926.59,36.14,62.23,71.23,218.36,0.76,17.8,Warning,Minor cleaning suggested
2021-06-18 18:00:00,4.99,28.28,27.43,43.05,67.43,246.35,0.02,17.64,Warning,Check shading
2021-06-19 06:00:00,4.67,20.16,39.69,47.55,45.46,249.89,0.02,23.16,Warning,Inspect inverter
2021-06-19 09:00:00,46.56,205.29,20.12,29.29,26.88,228.63,0.2,22.68,Not Required,Normal operation
2021-06-19 12:00:00,231.26,1378.68,27.23,47.07,60.42,221.16,1.05,16.77,Warning,Minor cleaning suggested
2021-06-19 15:00:00,186.76,957.47,33.13,45.26,40.65,231.39,0.81,19.51,Not Required,Normal operation
2021-06-19 18:00:00,0.0,0.0,36.83,32.69,2.35,203.67,0.0,0.0,Required,Check wiring
2021-06-20 06:00:00,5.47,25.97,22.75,45.7,10.86,236.88,0.02,21.06,Not Required,Normal operation
2021-06-20 09:00:00,30.1,165.0,32.85,46.58,1.71,242.19,0.12,18.24,Not Required,Normal operation
2021-06-20 12:00:00,274.34,1345.3,44.11,76.74,15.01,246.69,1.11,20.39,Required,Check wiring
2021-06-20 15:00:00,151.02,612.22,22.45,59.76,89.16,220.33,0.69,24.67,Required,Check wiring
2021-06-20 18:00:00,6.93,41.32,20.01,27.99,83.54,218.11,0.03,16.77,Required,Check wiring
2021-06-21 06:00:00,0.0,0.0,40.11,66.81,99.61,220.11,0.0,0.0,Required,Cooling system check
2021-06-21 09:00:00,138.67,744.37,38.25,31.07,35.37,240.77,0.58,18.63,Warning,Check shading
2021-06-21 12:00:00,469.98,2002.21,33.89,38.57,97.99,243.88,1.93,23.47,Required,Cooling system check
2021-06-21 15:00:00,234.35,1212.58,43.04,77.62,74.62,232.48,1.01,19.33,Required,Check wiring
2021-06-21 18:00:00,0.0,0.0,34.64,47.57,17.07,213.88,0.0,0.0,Required,Check wiring
2021-06-22 06:00:00,6.74,33.54,39.12,22.66,8.02,218.14,0.03,20.1,Warning,Check shading
2021-06-22 09:00:00,129.18,709.78,26.88,24.0,76.5,206.99,0.62,18.2,Warning,Minor cleaning suggested
2021-06-22 12:00:00,216.07,1049.2,30.65,44.26,18.12,221.42,0.98,20.59,Not Required,Normal operation
2021-06-22 15:00:00,132.3,628.26,42.79,42.71,3.82,245.7,0.54,21.06,Required,Check wiring
2021-06-22 18:00:00,6.49,30.73,42.54,30.1,22.7,243.98,0.03,21.12,Required,Cooling system check
2021-06-23 06:00:00,0.0,0.0,20.74,61.07,35.34,202.07,0.0,0.0,Required,Check wiring
2021-06-23 09:00:00,112.98,656.26,28.73,78.68,36.43,213.73,0.53,17.22,Not Required,Normal operation
2021-06-23 12:00:00,416.72,1697.41,32.24,27.27,43.48,206.51,2.02,24.55,Not Required,Normal operation
2021-06-23 15:00:00,237.13,982.33,37.13,77.67,28.92,200.6,1.18,24.14,Not Required,Normal operation
2021-06-23 18:00:00,0.0,0.0,31.81,66.58,16.87,235.99,0.0,0.0,Required,Clean panels
2021-06-24 06:00:00,8.49,37.14,38.51,35.62,39.67,240.48,0.04,22.86,Warning,Inspect inverter
2021-06-24 09:00:00,89.11,399.17,37.87,75.13,94.12,229.48,0.39,22.32,Required,Clean panels
2021-06-24 12:00:00,256.03,1069.95,35.36,55.89,8.91,236.25,1.08,23.93,Not Required,Normal operation
2021-06-24 15:00:00,153.95,705.69,20.13,43.92,29.74,205.88,0.75,21.82,Not Required,Normal operation
2021-06-24 18:00:00,0.0,0.0,35.35,62.94,2.33,222.41,0.0,0.0,Required,Check wiring
2021-06-25 06:00:00,0.0,0.0,35.2,34.45,65.26,202.62,0.0,0.0,Required,Check wiring
2021-06-25 09:00:00,83.72,439.49,31.83,27.07,80.61,205.93,0.41,19.05,Required,Cooling system check
2021-06-25 12:00:00,455.07,1850.85,21.94,35.55,16.21,231.47,1.97,24.59,Not Required,Normal operation
2021-06-25 15:00:00,237.0,1284.44,32.92,46.02,90.63,228.19,1.04,18.45,Required,Cooling system check
2021-06-25 18:00:00,9.45,42.79,28.32,74.43,39.87,240.9,0.04,22.08,Not Required,Normal operation
2021-06-26 06:00:00,9.81,49.08,32.09,39.56,20.79,213.11,0.05,19.99,Not Required,Normal operation
2021-06-26 09:00:00,111.86,465.22,20.49,61.95,75.7,204.53,0.55,24.04,Warning,Inspect inverter
2021-06-26 12:00:00,241.72,1063.89,44.99,24.85,85.98,229.4,1.05,22.72,Required,Cooling system check
2021-06-26 15:00:00,120.58,539.34,30.15,40.32,18.04,215.01,0.56,22.36,Not Required,Normal operation
2021-06-26 18:00:00,0.0,0.0,32.86,59.5,73.86,215.05,0.0,0.0,Required,Check wiring
2021-06-27 06:00:00,6.85,28.53,22.44,23.89,74.71,210.41,0.03,24.01,Warning,Check shading
2021-06-27 09:00:00,34.42,155.9,38.2,21.35,14.04,233.87,0.15,22.08,Warning,Inspect inverter
2021-06-27 12:00:00,389.95,1833.21,40.95,79.59,1.55,203.61,1.92,21.27,Warning,Minor cleaning suggested
2021-06-27 15:00:00,196.23,1174.26,33.01,45.28,40.41,214.68,0.91,16.71,Not Required,Normal operation
2021-06-27 18:00:00,0.0,0.0,20.3,55.28,18.59,223.63,0.0,0.0,Required,Cooling system check
2021-06-28 06:00:00,0.05,0.21,44.04,70.37,64.06,241.82,0.0,23.81,Required,Cooling system check
2021-06-28 09:00:00,137.73,820.61,34.77,61.22,77.23,236.48,0.58,16.78,Warning,Minor cleaning suggested
2021-06-28 12:00:00,310.17,1826.15,39.68,48.98,74.85,245.16,1.27,16.98,Warning,Check shading
2021-06-28 15:00:00,182.04,1029.68,36.19,55.59,32.53,204.13,0.89,17.68,Not Required,Normal operation
2021-06-28 18:00:00,9.39,44.25,44.25,33.44,34.75,210.94,0.04,21.22,Required,Cooling system check
2021-06-29 06:00:00,0.0,0.0,25.73,46.34,47.99,220.59,0.0,0.0,Required,Check wiring
2021-06-29 09:00:00,144.4,732.86,32.74,45.98,86.18,245.5,0.59,19.7,Required,Cooling system check
2021-06-29 12:00:00,333.18,1649.31,43.18,57.47,75.97,230.25,1.45,20.2,Required,Cooling system check
2021-06-29 15:00:00,115.53,672.25,39.33,73.84,97.6,210.57,0.55,17.19,Required,Cooling system check
2021-06-29 18:00:00,0.0,0.0,38.41,26.86,57.94,230.2,0.0,0.0,Required,Cooling system check
2021-06-30 06:00:00,1.68,7.12,38.53,47.68,6.43,223.79,0.01,23.6,Warning,Inspect inverter
2021-06-30 09:00:00,35.99,176.52,40.66,39.38,36.66,220.57,0.16,20.39,Warning,Inspect inverter
2021-06-30 12:00:00,248.16,1110.41,23.12,62.71,79.83,207.91,1.19,22.35,Warning,Minor cleaning suggested
2021-06-30 15:00:00,123.08,528.85,41.99,40.44,83.66,241.32,0.51,23.27,Required,Clean panels
2021-06-30 18:00:00,4.81,28.2,24.13,54.48,61.46,220.8,0.02,17.06,Warning,Minor cleaning suggested
2021-07-01 06:00:00,0.0,0.0,28.8,74.87,66.57,201.9,0.0,0.0,Required,Clean panels
2021-07-01 09:00:00,145.85,843.36,35.62,50.2,52.9,226.97,0.64,17.29,Not Required,Normal operation
2021-07-01 12:00:00,292.44,1424.42,31.72,28.62,1.66,204.11,1.43,20.53,Not Required,Normal operation
2021-07-01 15:00:00,249.07,1428.63,27.86,74.4,34.24,247.51,1.01,17.43,Not Required,Normal operation
2021-07-01 18:00:00,0.0,0.0,32.25,39.02,16.6,213.09,0.0,0.0,Required,Clean panels
2021-07-02 06:00:00,0.0,0.0,38.5,29.02,4.4,217.39,0.0,0.0,Required,Clean panels
2021-07-02 09:00:00,79.08,460.35,29.16,78.03,6.75,212.0,0.37,17.18,Not Required,Normal operation
2021-07-02 12:00:00,434.07,2020.74,44.23,45.23,37.93,244.4,1.78,21.48,Required,Check wiring
2021-07-02 15:00:00,129.89,715.65,21.19,24.12,29.66,219.1,0.59,18.15,Not Required,Normal operation
2021-07-02 18:00:00,1.31,7.19,40.53,32.26,95.76,207.65,0.01,18.22,Required,Cooling system check
2021-07-03 06:00:00,2.88,14.44,27.23,56.08,79.38,248.73,0.01,19.94,Warning,Inspect inverter
2021-07-03 09:00:00,133.56,766.88,42.43,41.6,17.62,208.41,0.64,17.42,Required,Check wiring
2021-07-03 12:00:00,323.01,1821.63,40.36,24.59,17.31,224.53,1.44,17.73,Warning,Inspect inverter
2021-07-03 15:00:00,168.9,937.3,44.68,68.9,91.78,208.66,0.81,18.02,Required,Cooling system check
2021-07-03 18:00:00,0.0,0.0,22.43,77.92,54.83,211.02,0.0,0.0,Required,Check wiring
2021-07-04 06:00:00,0.31,1.73,34.5,46.32,53.92,215.76,0.0,17.92,Not Required,Normal operation
2021-07-04 09:00:00,118.12,619.36,30.45,72.73,74.91,231.24,0.51,19.07,Warning,Inspect inverter
2021-07-04 12:00:00,409.74,1949.93,43.23,28.93,82.79,214.85,1.91,21.01,Required,Cooling system check
2021-07-04 15:00:00,119.93,676.44,32.66,70.04,17.49,222.65,0.54,17.73,Not Required,Normal operation
2021-07-04 18:00:00,3.34,15.93,25.14,34.56,50.37,245.61,0.01,20.97,Not Required,Normal operation
2021-07-05 06:00:00,0.0,0.0,24.0,42.74,70.39,235.5,0.0,0.0,Required,Cooling system check
2021-07-05 09:00:00,94.45,535.17,31.75,41.58,70.2,245.29,0.39,17.65,Warning,Minor cleaning suggested
2021-07-05 12:00:00,393.24,1704.91,20.05,40.94,98.62,249.51,1.58,23.07,Required,Cooling system check
2021-07-05 15:00:00,138.48,668.33,34.44,29.36,96.85,208.23,0.67,20.72,Required,Cooling system check
2021-07-05 18:00:00,0.0,0.0,27.69,65.86,51.46,232.66,0.0,0.0,Required,Cooling system check
2021-07-06 06:00:00,0.0,0.0,37.63,74.05,66.63,242.68,0.0,0.0,Required,Check wiring
2021-07-06 09:00:00,117.98,587.6,20.57,31.79,87.82,246.27,0.48,20.08,Required,Cooling system check
2021-07-06 12:00:00,403.64,1631.15,40.18,43.15,51.05,209.03,1.93,24.75,Warning,Inspect inverter
2021-07-06 15:00:00,96.89,512.43,28.34,66.48,65.4,212.47,0.46,18.91,Warning,Minor cleaning suggested
2021-07-06 18:00:00,0.0,0.0,34.52,63.62,11.8,210.64,0.0,0.0,Required,Cooling system check
2021-07-07 06:00:00,0.0,0.0,42.13,47.3,80.33,246.39,0.0,0.0,Required,Check wiring
2021-07-07 09:00:00,75.14,338.5,29.87,60.57,31.8,219.47,0.34,22.2,Not Required,Normal operation
2021-07-07 12:00:00,302.32,1635.39,25.93,54.86,69.56,230.35,1.31,18.49,Warning,Inspect inverter
2021-07-07 15:00:00,234.44,1392.99,42.09,57.49,14.99,224.13,1.05,16.83,Required,Clean panels
2021-07-07 18:00:00,0.0,0.0,37.07,39.82,63.4,226.21,0.0,0.0,Required,Cooling system check
2021-07-08 06:00:00,4.11,20.53,42.58,54.57,38.21,229.77,0.02,20.02,Required,Clean panels
2021-07-08 09:00:00,121.9,537.86,37.41,78.42,95.1,216.46,0.56,22.66,Required,Clean panels
2021-07-08 12:00:00,367.49,1835.47,39.0,75.05,88.88,223.38,1.65,20.02,Required,Cooling system check
2021-07-08 15:00:00,185.46,800.1,32.9,77.93,17.33,209.69,0.88,23.18,Not Required,Normal operation
2021-07-08 18:00:00,0.0,0.0,23.97,67.66,11.55,224.38,0.0,0.0,Required,Clean panels
2021-07-09 06:00:00,0.0,0.0,33.59,75.38,49.05,201.3,0.0,0.0,Required,Cooling system check
2021-07-09 09:00:00,59.49,294.79,22.59,36.77,45.01,247.37,0.24,20.18,Not Required,Normal operation
2021-07-09 12:00:00,309.5,1695.03,29.02,20.52,77.81,249.93,1.24,18.26,Warning,Inspect inverter
2021-07-09 15:00:00,195.84,843.36,44.03,22.53,34.24,214.07,0.91,23.22,Required,Clean panels
2021-07-09 18:00:00,0.0,0.0,34.74,46.75,0.57,217.5,0.0,0.0,Required,Clean panels
2021-07-10 06:00:00,6.7,37.57,44.91,31.91,39.32,233.43,0.03,17.83,Required,Cooling system check
2021-07-10 09:00:00,129.78,706.87,30.82,59.55,84.1,231.57,0.56,18.36,Required,Cooling system check
2021-07-10 12:00:00,288.89,1189.87,25.73,43.83,74.45,216.26,1.34,24.28,Warning,Check shading
2021-07-10 15:00:00,201.15,805.06,27.89,33.22,70.24,210.5,0.96,24.99,Warning,Check shading
2021-07-10 18:00:00,0.44,2.4,35.04,73.62,87.11,220.61,0.0,18.33,Required,Cooling system check
2021-07-11 06:00:00,0.0,0.0,32.58,37.86,70.82,217.23,0.0,0.0,Required,Cooling system check
2021-07-11 09:00:00,52.13,306.53,42.68,62.38,48.87,221.99,0.23,17.01,Required,Clean panels
2021-07-11 12:00:00,413.78,1946.56,27.14,28.93,61.86,244.78,1.69,21.26,Warning,Minor cleaning suggested
2021-07-11 15:00:00,202.57,1126.94,40.61,64.51,93.4,237.42,0.85,17.98,Required,Clean panels
2021-07-11 18:00:00,0.0,0.0,44.96,49.7,16.85,239.09,0.0,0.0,Required,Clean panels
2021-07-12 06:00:00,0.0,0.0,38.37,64.52,73.04,228.4,0.0,0.0,Required,Cooling system check
2021-07-12 09:00:00,84.03,422.19,42.01,63.36,48.34,229.35,0.37,19.9,Required,Cooling system check
2021-07-12 12:00:00,260.38,1225.95,41.62,64.91,74.9,211.87,1.23,21.24,Warning,Inspect inverter
2021-07-12 15:00:00,254.89,1527.73,28.28,42.7,7.21,232.11,1.1,16.68,Not Required,Normal operation
2021-07-12 18:00:00,5.35,25.56,28.57,41.57,82.24,225.49,0.02,20.93,Required,Cooling system check
2021-07-13 06:00:00,9.86,57.16,37.4,73.36,71.09,248.96,0.04,17.25,Warning,Check shading
2021-07-13 09:00:00,103.78,496.42,44.87,27.11,83.98,239.38,0.43,20.91,Required,Clean panels
2021-07-13 12:00:00,211.9,1082.55,42.23,78.54,15.73,239.45,0.88,19.57,Required,Check wiring
2021-07-13 15:00:00,110.51,449.8,22.84,25.13,70.44,240.21,0.46,24.57,Warning,Minor cleaning suggested
2021-07-13 18:00:00,0.0,0.0,35.52,67.51,19.87,214.48,0.0,0.0,Required,Cooling system check
2021-07-14 06:00:00,6.75,36.78,44.89,44.12,77.55,200.69,0.03,18.35,Required,Check wiring
2021-07-14 09:00:00,77.9,385.4,26.98,25.82,44.35,232.8,0.33,20.21,Not Required,Normal operation
2021-07-14 12:00:00,244.77,1387.79,28.03,77.81,53.47,227.96,1.07,17.64,Not Required,Normal operation
2021-07-14 15:00:00,192.59,831.55,27.5,32.76,33.09,213.77,0.9,23.16,Not Required,Normal operation
2021-07-14 18:00:00,0.0,0.0,29.28,23.66,44.34,200.98,0.0,0.0,Required,Check wiring
2021-07-15 06:00:00,0.0,0.0,27.29,76.93,20.68,229.14,0.0,0.0,Required,Cooling system check
2021-07-15 09:00:00,111.57,510.19,41.02,53.75,20.08,225.7,0.49,21.87,Warning,Inspect inverter
2021-07-15 12:00:00,264.95,1408.38,40.73,50.78,10.39,224.25,1.18,18.81,Warning,Check shading
2021-07-15 15:00:00,167.43,791.02,35.88,36.73,12.04,245.58,0.68,21.17,Not Required,Normal operation
2021-07-15 18:00:00,4.77,25.9,42.41,59.29,66.11,249.69,0.02,18.42,Required,Clean panels
2021-07-16 06:00:00,0.0,0.0,43.19,45.79,30.61,239.32,0.0,0.0,Required,Check wiring
2021-07-16 09:00:00,80.36,420.12,38.33,51.49,50.88,206.28,0.39,19.13,Warning,Check shading
2021-07-16 12:00:00,465.68,2707.11,39.68,48.69,27.13,218.67,2.13,17.2,Warning,Inspect inverter
2021-07-16 15:00:00,230.79,1252.86,31.68,21.63,90.98,248.46,0.93,18.42,Required,Cooling system check
2021-07-16 18:00:00,0.0,0.0,24.52,26.71,76.94,234.46,0.0,0.0,Required,Cooling system check
2021-07-17 06:00:00,0.0,0.0,27.57,48.59,43.38,237.19,0.0,0.0,Required,Clean panels
2021-07-17 09:00:00,119.79,525.67,38.23,47.19,48.44,243.6,0.49,22.79,Warning,Minor cleaning suggested
2021-07-17 12:00:00,196.75,1054.66,41.11,68.32,54.39,211.95,0.93,18.66,Warning,Inspect inverter
2021-07-17 15:00:00,169.01,791.51,33.64,53.44,2.76,226.07,0.75,21.35,Not Required,Normal operation
2021-07-17 18:00:00,3.31,13.28,28.77,72.17,98.6,246.04,0.01,24.92,Required,Check wiring
2021-07-18 06:00:00,5.57,26.32,31.36,57.15,11.49,209.08,0.03,21.16,Not Required,Normal operation
2021-07-18 09:00:00,136.8,664.8,40.68,70.31,91.41,225.2,0.61,20.58,Required,Check wiring
2021-07-18 12:00:00,417.27,1845.26,27.75,29.76,32.54,234.4,1.78,22.61,Not Required,Normal operation
2021-07-18 15:00:00,241.95,1144.58,28.82,56.89,25.91,244.32,0.99,21.14,Not Required,Normal operation
2021-07-18 18:00:00,0.0,0.0,37.97,46.37,53.62,247.72,0.0,0.0,Required,Check wiring
2021-07-19 06:00:00,6.06,33.4,32.87,55.04,14.64,240.11,0.03,18.14,Not Required,Normal operation
2021-07-19 09:00:00,96.05,529.1,34.91,76.22,36.71,246.0,0.39,18.15,Not Required,Normal operation
2021-07-19 12:00:00,339.56,1861.75,44.04,45.97,5.39,237.62,1.43,18.24,Required,Check wiring
2021-07-19 15:00:00,207.84,938.53,23.22,78.27,71.68,204.72,1.02,22.15,Warning,Inspect inverter
2021-07-19 18:00:00,9.44,45.73,38.7,50.56,50.9,204.11,0.05,20.64,Warning,Inspect inverter
2021-07-20 06:00:00,6.01,31.81,28.59,57.27,9.95,231.86,0.03,18.89,Not Required,Normal operation
2021-07-20 09:00:00,98.34,480.61,30.25,51.23,39.68,203.79,0.48,20.46,Not Required,Normal operation
2021-07-20 12:00:00,208.79,1075.5,37.07,42.44,18.03,219.7,0.95,19.41,Not Required,Normal operation
2021-07-20 15:00:00,135.19,579.63,34.79,76.18,99.08,240.61,0.56,23.32,Required,Cooling system check
2021-07-20 18:00:00,4.55,24.05,32.27,23.09,81.37,231.16,0.02,18.92,Required,Check wiring
2021-07-21 06:00:00,0.0,0.0,42.68,44.71,14.53,202.93,0.0,0.0,Required,Check wiring
2021-07-21 09:00:00,51.62,248.52,42.18,62.22,96.59,204.47,0.25,20.77,Required,Cooling system check
2021-07-21 12:00:00,227.49,910.11,36.72,34.3,24.54,204.64,1.11,25.0,Not Required,Normal operation
2021-07-21 15:00:00,235.13,1102.52,33.03,21.92,82.1,233.01,1.01,21.33,Required,Check wiring
2021-07-21 18:00:00,4.62,24.42,25.55,32.7,84.82,228.47,0.02,18.92,Required,Check wiring
2021-07-22 06:00:00,0.0,0.0,31.1,33.33,67.39,239.59,0.0,0.0,Required,Clean panels
2021-07-22 09:00:00,115.62,477.71,43.38,26.74,41.04,225.14,0.51,24.2,Required,Check wiring
2021-07-22 12:00:00,387.32,1816.09,20.54,67.41,41.78,207.67,1.87,21.33,Not Required,Normal operation
2021-07-22 15:00:00,207.83,938.78,20.38,26.32,26.33,235.96,0.88,22.14,Not Required,Normal operation
2021-07-22 18:00:00,0.0,0.0,31.03,20.38,32.58,213.18,0.0,0.0,Required,Check wiring
2021-07-23 06:00:00,0.0,0.0,44.42,76.79,25.59,230.02,0.0,0.0,Required,Cooling system check
2021-07-23 09:00:00,55.97,261.01,35.9,37.53,52.47,206.68,0.27,21.44,Not Required,Normal operation
2021-07-23 12:00:00,277.21,1333.31,43.47,49.34,53.21,234.47,1.18,20.79,Required,Check wiring
2021-07-23 15:00:00,136.48,562.79,32.25,33.79,97.52,243.43,0.56,24.25,Required,Cooling system check
2021-07-23 18:00:00,0.0,0.0,29.9,51.17,73.74,202.75,0.0,0.0,Required,Clean panels
2021-07-24 06:00:00,0.0,0.0,22.85,56.86,87.93,232.46,0.0,0.0,Required,Check wiring
2021-07-24 09:00:00,45.84,213.25,30.86,46.34,51.85,216.79,0.21,21.5,Not Required,Normal operation
2021-07-24 12:00:00,268.21,1324.37,21.5,56.26,15.52,220.66,1.22,20.25,Not Required,Normal operation
2021-07-24 15:00:00,144.09,861.38,32.1,41.87,19.72,237.29,0.61,16.73,Not Required,Normal operation
2021-07-24 18:00:00,0.0,0.0,33.38,44.91,88.35,214.11,0.0,0.0,Required,Cooling system check
2021-07-25 06:00:00,4.42,23.23,43.03,62.01,78.52,213.91,0.02,19.03,Required,Clean panels
2021-07-25 09:00:00,30.22,149.59,41.83,20.47,68.19,237.71,0.13,20.2,Warning,Check shading
2021-07-25 12:00:00,297.17,1226.03,29.94,65.46,96.89,241.47,1.23,24.24,Required,Check wiring
2021-07-25 15:00:00,136.94,563.35,25.9,51.1,19.3,215.88,0.63,24.31,Not Required,Normal operation
2021-07-25 18:00:00,1.1,6.4,36.14,73.29,0.59,236.68,0.0,17.19,Not Required,Normal operation
2021-07-26 06:00:00,1.63,9.41,44.13,74.28,15.2,208.07,0.01,17.32,Required,Check wiring
2021-07-26 09:00:00,103.09,599.01,35.58,28.96,79.61,215.06,0.48,17.21,Warning,Inspect inverter
2021-07-26 12:00:00,462.12,2508.24,39.33,32.82,80.37,217.16,2.13,18.42,Required,Cooling system check
2021-07-26 15:00:00,199.44,953.82,35.5,64.56,88.14,224.06,0.89,20.91,Required,Cooling system check
2021-07-26 18:00:00,8.35,34.65,28.67,58.93,93.44,238.41,0.04,24.1,Required,Check wiring
2021-07-27 06:00:00,0.0,0.0,32.74,21.15,50.16,223.86,0.0,0.0,Required,Check wiring
2021-07-27 09:00:00,52.4,244.06,27.1,66.09,83.44,223.59,0.23,21.47,Required,Cooling system check
2021-07-27 12:00:00,481.94,2889.19,42.75,68.1,34.83,223.47,2.16,16.68,Required,Clean panels
2021-07-27 15:00:00,179.3,733.98,40.11,43.58,73.67,242.3,0.74,24.43,Warning,Minor cleaning suggested
2021-07-27 18:00:00,0.0,0.0,23.48,65.05,3.07,215.34,0.0,0.0,Required,Clean panels
2021-07-28 06:00:00,7.55,37.88,22.44,73.05,24.22,210.9,0.04,19.93,Not Required,Normal operation
2021-07-28 09:00:00,125.15,682.2,29.68,33.31,21.37,238.51,0.52,18.35,Not Required,Normal operation
2021-07-28 12:00:00,381.71,2180.86,26.43,44.41,3.04,235.39,1.62,17.5,Not Required,Normal operation
2021-07-28 15:00:00,156.98,839.49,34.85,42.68,74.08,226.11,0.69,18.7,Warning,Inspect inverter
2021-07-28 18:00:00,0.0,0.0,42.84,29.99,78.07,248.08,0.0,0.0,Required,Check wiring
2021-07-29 06:00:00,0.0,0.0,27.33,56.6,36.89,246.35,0.0,0.0,Required,Clean panels
2021-07-29 09:00:00,105.8,484.73,31.11,78.29,48.57,247.5,0.43,21.83,Not Required,Normal operation
2021-07-29 12:00:00,249.35,1374.18,22.48,23.15,70.22,235.51,1.06,18.15,Warning,Inspect inverter
2021-07-29 15:00:00,203.94,1036.92,29.96,73.15,84.5,235.25,0.87,19.67,Required,Clean panels
2021-07-29 18:00:00,0.0,0.0,42.28,70.71,32.91,200.34,0.0,0.0,Required,Cooling system check
2021-07-30 06:00:00,0.0,0.0,33.71,72.54,6.24,230.74,0.0,0.0,Required,Cooling system check
2021-07-30 09:00:00,95.09,516.87,26.0,58.59,26.21,208.56,0.46,18.4,Not Required,Normal operation
2021-07-30 12:00:00,375.23,2197.86,24.18,44.75,15.67,233.52,1.61,17.07,Not Required,Normal operation
2021-07-30 15:00:00,148.67,786.88,39.81,51.86,90.82,233.58,0.64,18.89,Required,Cooling system check
2021-07-30 18:00:00,3.67,18.38,31.9,37.14,80.95,244.73,0.01,19.97,Required,Check wiring
2021-07-31 06:00:00,0.0,0.0,28.72,36.83,79.6,240.4,0.0,0.0,Required,Check wiring
2021-07-31 09:00:00,105.35,557.43,27.61,56.63,88.15,220.87,0.48,18.9,Required,Clean panels
2021-07-31 12:00:00,257.31,1030.68,22.03,37.64,73.52,201.06,1.28,24.97,Warning,Minor cleaning suggested
2021-07-31 15:00:00,176.35,719.29,28.39,26.62,83.3,215.2,0.82,24.52,Required,Check wiring
2021-07-31 18:00:00,7.18,37.08,36.23,64.18,42.16,236.98,0.03,19.36,Not Required,Normal operation
2021-08-01 06:00:00,6.53,31.5,38.18,59.54,47.35,239.42,0.03,20.73,Warning,Inspect inverter
2021-08-01 09:00:00,113.2,578.71,29.63,24.35,45.05,221.53,0.51,19.56,Not Required,Normal operation
2021-08-01 12:00:00,422.67,1709.26,22.29,50.95,64.73,249.12,1.7,24.73,Warning,Inspect inverter
2021-08-01 15:00:00,206.57,1052.79,29.29,37.46,16.72,208.96,0.99,19.62,Not Required,Normal operation
2021-08-01 18:00:00,0.0,0.0,21.76,44.14,65.9,224.49,0.0,0.0,Required,Cooling system check
2021-08-02 06:00:00,0.0,0.0,27.23,39.34,82.98,201.5,0.0,0.0,Required,Clean panels
2021-08-02 09:00:00,65.07,339.51,29.65,39.26,63.68,221.98,0.29,19.17,Warning,Check shading
2021-08-02 12:00:00,385.1,1672.23,29.53,63.31,83.31,243.35,1.58,23.03,Required,Cooling system check
2021-08-02 15:00:00,175.67,813.61,22.97,63.56,4.91,227.33,0.77,21.59,Not Required,Normal operation
2021-08-02 18:00:00,0.0,0.0,42.79,68.55,32.81,242.7,0.0,0.0,Required,Check wiring
2021-08-03 06:00:00,0.0,0.0,33.91,47.61,61.2,212.47,0.0,0.0,Required,Check wiring
2021-08-03 09:00:00,126.97,684.05,26.27,30.79,11.12,207.76,0.61,18.56,Not Required,Normal operation
2021-08-03 12:00:00,409.43,2449.7,44.22,31.61,16.42,213.96,1.91,16.71,Required,Cooling system check
2021-08-03 15:00:00,100.83,503.35,40.23,24.85,47.49,206.68,0.49,20.03,Warning,Minor cleaning suggested
2021-08-03 18:00:00,1.63,8.47,24.25,79.15,73.83,209.39,0.01,19.24,Warning,Minor cleaning suggested
2021-08-04 06:00:00,0.0,0.0,28.38,33.96,68.93,232.98,0.0,0.0,Required,Cooling system check
2021-08-04 09:00:00,41.25,220.43,39.01,61.57,61.35,245.3,0.17,18.71,Warning,Check shading
2021-08-04 12:00:00,485.36,2228.28,26.74,35.64,75.86,241.84,2.01,21.78,Warning,Minor cleaning suggested
2021-08-04 15:00:00,130.8,624.06,25.3,28.07,92.74,239.7,0.55,20.96,Required,Check wiring
2021-08-04 18:00:00,5.35,30.14,23.78,41.69,64.17,212.8,0.03,17.75,Warning,Minor cleaning suggested
2021-08-05 06:00:00,4.29,21.04,21.5,49.67,82.42,238.91,0.02,20.39,Required,Clean panels
2021-08-05 09:00:00,145.14,627.81,41.52,63.02,2.98,247.89,0.59,23.12,Warning,Check shading
2021-08-05 12:00:00,198.39,1033.56,29.3,25.58,81.78,238.65,0.83,19.19,Required,Check wiring
2021-08-05 15:00:00,232.63,1199.09,38.93,64.56,70.49,207.19,1.12,19.4,Warning,Check shading
2021-08-05 18:00:00,0.0,0.0,38.29,71.38,9.38,223.03,0.0,0.0,Required,Cooling system check
2021-08-06 06:00:00,0.0,0.0,32.2,79.95,58.13,206.9,0.0,0.0,Required,Check wiring
2021-08-06 09:00:00,88.98,431.25,20.17,27.21,62.88,209.66,0.42,20.63,Warning,Check shading
2021-08-06 12:00:00,489.08,2442.35,44.19,22.74,8.31,221.88,2.2,20.02,Required,Clean panels
2021-08-06 15:00:00,224.28,1054.22,35.79,22.62,14.45,218.05,1.03,21.27,Not Required,Normal operation
2021-08-06 18:00:00,5.54,28.32,20.92,29.11,26.95,227.81,0.02,19.56,Not Required,Normal operation
2021-08-07 06:00:00,0.0,0.0,43.83,79.6,6.01,234.35,0.0,0.0,Required,Check wiring
2021-08-07 09:00:00,65.09,274.73,38.59,59.31,27.74,241.97,0.27,23.69,Warning,Check shading
2021-08-07 12:00:00,413.42,1945.84,23.07,21.47,95.83,206.34,2.0,21.25,Required,Clean panels
2021-08-07 15:00:00,129.24,669.25,26.27,34.1,58.69,226.34,0.57,19.31,Not Required,Normal operation
2021-08-07 18:00:00,0.6,3.14,34.41,46.56,60.86,211.61,0.0,19.11,Warning,Minor cleaning suggested
2021-08-08 06:00:00,9.51,50.75,37.21,64.59,65.97,218.44,0.04,18.74,Warning,Minor cleaning suggested
2021-08-08 09:00:00,33.57,180.97,29.4,56.33,48.08,210.63,0.16,18.55,Not Required,Normal operation
2021-08-08 12:00:00,438.33,2125.69,38.51,69.45,4.19,223.37,1.96,20.62,Warning,Check shading
2021-08-08 15:00:00,224.53,1108.26,25.99,21.11,69.54,203.26,1.1,20.26,Warning,Inspect inverter
2021-08-08 18:00:00,3.86,18.58,39.86,66.84,86.11,200.41,0.02,20.78,Required,Cooling system check
2021-08-09 06:00:00,0.0,0.0,31.54,45.13,95.2,224.15,0.0,0.0,Required,Clean panels
2021-08-09 09:00:00,39.02,187.53,35.5,57.07,15.05,246.57,0.16,20.81,Not Required,Normal operation
2021-08-09 12:00:00,225.63,907.89,31.72,52.96,61.42,240.27,0.94,24.85,Warning,Inspect inverter
2021-08-09 15:00:00,249.48,1236.89,39.82,70.91,28.33,204.77,1.22,20.17,Warning,Inspect inverter
2021-08-09 18:00:00,8.78,40.3,34.41,22.51,76.64,212.59,0.04,21.79,Warning,Inspect inverter
2021-08-10 06:00:00,2.91,15.82,35.69,58.77,58.53,235.16,0.01,18.39,Not Required,Normal operation
2021-08-10 09:00:00,113.23,589.95,29.27,43.75,79.53,206.1,0.55,19.19,Warning,Check shading
2021-08-10 12:00:00,350.13,1884.63,36.76,38.36,94.64,244.76,1.43,18.58,Required,Cooling system check
2021-08-10 15:00:00,232.96,1136.01,37.51,27.87,51.64,213.47,1.09,20.51,Not Required,Normal operation
2021-08-10 18:00:00,0.44,2.15,40.21,21.96,15.22,200.5,0.0,20.47,Warning,Check shading
2021-08-11 06:00:00,6.05,31.36,23.08,52.01,9.39,216.97,0.03,19.29,Not Required,Normal operation
2021-08-11 09:00:00,33.05,148.17,39.78,74.19,1.36,217.68,0.15,22.31,Warning,Inspect inverter
2021-08-11 12:00:00,213.37,969.21,22.63,46.94,34.88,240.59,0.89,22.01,Not Required,Normal operation
2021-08-11 15:00:00,158.54,800.68,34.27,65.97,88.82,215.37,0.74,19.8,Required,Clean panels
2021-08-11 18:00:00,0.0,0.0,23.48,77.84,17.0,239.35,0.0,0.0,Required,Clean panels
2021-08-12 06:00:00,0.0,0.0,35.52,46.34,47.87,200.72,0.0,0.0,Required,Cooling system check
2021-08-12 09:00:00,137.71,805.86,27.81,57.12,10.34,229.63,0.6,17.09,Not Required,Normal operation
2021-08-12 12:00:00,286.15,1623.22,33.1,22.15,22.94,223.4,1.28,17.63,Not Required,Normal operation
2021-08-12 15:00:00,141.68,715.11,21.48,58.52,9.22,249.89,0.57,19.81,Not Required,Normal operation
2021-08-12 18:00:00,4.63,23.55,37.33,33.37,13.66,221.22,0.02,19.66,Not Required,Normal operation
2021-08-13 06:00:00,0.0,0.0,22.96,41.68,44.7,200.99,0.0,0.0,Required,Check wiring
2021-08-13 09:00:00,96.97,405.82,34.99,43.0,42.03,246.68,0.39,23.89,Not Required,Normal operation
2021-08-13 12:00:00,447.06,2581.78,42.14,26.93,57.29,202.98,2.2,17.32,Required,Cooling system check
2021-08-13 15:00:00,191.01,804.22,23.69,42.62,76.26,227.43,0.84,23.75,Warning,Check shading
2021-08-13 18:00:00,0.0,0.0,32.16,73.59,33.92,216.61,0.0,0.0,Required,Check wiring
2021-08-14 06:00:00,0.0,0.0,23.79,75.65,25.58,216.04,0.0,0.0,Required,Cooling system check
2021-08-14 09:00:00,71.91,414.59,26.36,72.55,20.08,215.94,0.33,17.34,Not Required,Normal operation
2021-08-14 12:00:00,289.89,1479.39,28.98,55.79,49.21,213.51,1.36,19.6,Not Required,Normal operation
2021-08-14 15:00:00,121.86,641.54,44.17,42.29,4.67,213.25,0.57,18.99,Required,Clean panels
2021-08-14 18:00:00,5.57,26.57,43.9,50.53,23.57,244.6,0.02,20.96,Required,Cooling system check
2021-08-15 06:00:00,4.58,19.62,42.15,21.62,18.26,216.74,0.02,23.34,Required,Clean panels
2021-08-15 09:00:00,59.14,331.38,20.01,71.23,19.49,213.48,0.28,17.85,Not Required,Normal operation
2021-08-15 12:00:00,394.34,1720.4,24.13,43.42,97.65,231.18,1.71,22.92,Required,Check wiring
2021-08-15 15:00:00,177.27,985.0,31.36,27.38,85.65,246.87,0.72,18.0,Required,Cooling system check
2021-08-15 18:00:00,0.0,0.0,34.87,54.27,6.89,242.77,0.0,0.0,Required,Check wiring
2021-08-16 06:00:00,0.0,0.0,23.94,57.31,38.18,239.28,0.0,0.0,Required,Check wiring
2021-08-16 09:00:00,116.25,605.96,42.23,58.48,6.81,238.9,0.49,19.18,Required,Check wiring
2021-08-16 12:00:00,480.83,2392.03,37.22,40.03,56.89,221.2,2.17,20.1,Not Required,Normal operation
2021-08-16 15:00:00,179.05,853.82,31.65,74.16,13.2,209.14,0.86,20.97,Not Required,Normal operation
2021-08-16 18:00:00,0.0,0.0,21.25,25.78,8.59,223.86,0.0,0.0,Required,Clean panels
2021-08-17 06:00:00,0.0,0.0,21.74,42.85,88.74,240.22,0.0,0.0,Required,Cooling system check
2021-08-17 09:00:00,28.43,156.92,42.35,32.03,8.24,204.47,0.14,18.12,Required,Clean panels
2021-08-17 12:00:00,423.65,2012.22,43.64,41.26,73.62,232.52,1.82,21.05,Required,Check wiring
2021-08-17 15:00:00,211.69,1077.47,31.33,54.99,12.74,209.12,1.01,19.65,Not Required,Normal operation
2021-08-17 18:00:00,3.18,17.84,38.45,34.88,63.58,212.44,0.01,17.83,Warning,Check shading
2021-08-18 06:00:00,0.0,0.0,23.54,68.91,0.07,237.86,0.0,0.0,Required,Check wiring
2021-08-18 09:00:00,39.33,199.71,42.22,35.9,90.44,232.16,0.17,19.69,Required,Clean panels
2021-08-18 12:00:00,297.59,1239.02,35.0,77.45,73.29,247.93,1.2,24.02,Warning,Inspect inverter
2021-08-18 15:00:00,207.27,881.6,27.23,40.51,10.32,226.87,0.91,23.51,Not Required,Normal operation
2021-08-18 18:00:00,0.0,0.0,41.34,26.44,86.68,208.79,0.0,0.0,Required,Cooling system check
2021-08-19 06:00:00,0.51,2.61,44.61,49.12,57.3,211.33,0.0,19.54,Required,Cooling system check
2021-08-19 09:00:00,65.28,277.27,36.08,67.01,76.31,223.36,0.29,23.54,Warning,Minor cleaning suggested
2021-08-19 12:00:00,341.8,1395.88,32.48,25.46,16.64,218.13,1.57,24.49,Not Required,Normal operation
2021-08-19 15:00:00,166.38,722.94,35.04,38.27,74.3,231.75,0.72,23.01,Warning,Check shading
2021-08-19 18:00:00,0.0,0.0,30.59,77.46,91.78,237.77,0.0,0.0,Required,Check wiring
2021-08-20 06:00:00,0.0,0.0,25.53,31.2,87.02,212.88,0.0,0.0,Required,Cooling system check
2021-08-20 09:00:00,126.46,668.26,20.73,23.37,3.11,222.86,0.57,18.92,Not Required,Normal operation
2021-08-20 12:00:00,488.56,2445.35,33.69,59.01,64.92,222.9,2.19,19.98,Warning,Minor cleaning suggested
2021-08-20 15:00:00,223.24,1005.83,33.58,21.88,99.01,225.29,0.99,22.19,Required,Check wiring
2021-08-20 18:00:00,1.07,5.18,40.67,40.76,61.9,217.92,0.0,20.66,Warning,Check shading
2021-08-21 06:00:00,9.35,37.87,33.73,55.4,44.85,209.4,0.04,24.69,Not Required,Normal operation
2021-08-21 09:00:00,127.24,522.25,28.98,36.83,26.03,225.7,0.56,24.36,Not Required,Normal operation
2021-08-21 12:00:00,329.0,1468.31,27.27,27.26,18.56,216.95,1.52,22.41,Not Required,Normal operation
2021-08-21 15:00:00,166.59,784.65,39.96,20.87,61.12,204.71,0.81,21.23,Warning,Inspect inverter
2021-08-21 18:00:00,0.0,0.0,40.1,28.41,16.35,249.8,0.0,0.0,Required,Cooling system check
2021-08-22 06:00:00,0.0,0.0,29.12,59.66,35.81,208.05,0.0,0.0,Required,Cooling system check
2021-08-22 09:00:00,105.34,445.13,26.93,43.0,65.51,230.37,0.46,23.66,Warning,Inspect inverter
2021-08-22 12:00:00,316.32,1435.32,27.68,28.67,54.93,238.17,1.33,22.04,Not Required,Normal operation
2021-08-22 15:00:00,104.02,550.21,39.98,72.0,85.27,210.28,0.49,18.91,Required,Cooling system check
2021-08-22 18:00:00,6.86,35.43,31.76,56.76,79.69,213.3,0.03,19.36,Warning,Check shading
